{"type": "FeatureCollection", "name": "v11_aoi", "bbox": [-97.09038890954454, 15.937496230443404, -95.55598857032795, 17.15498829029793], "metadata": {"description": "v11 AOI = union of 69 municipios across Yautepec + Tlacolula + Miahuatlan districts", "n_munis": 69, "bbox_wsen": [-97.09038890954454, 15.937496230443404, -95.55598857032795, 17.15498829029793], "source": "data/reference/v11_aoi_munis.csv"}, "features": [{"type": "Feature", "properties": {"cve_mun": "20380", "municipio": "Santa Cruz Papalutla", "region": "valles_centrales", "area_km2": 14.8, "agave_2015_ha": 0.0, "agave_2016_ha": 0.0, "agave_2017_ha": 0.0, "agave_2018_ha": 0.0, "agave_2019_ha": 0.0, "agave_2020_ha": 0.0, "agave_2021_ha": 0.0, "agave_2022_ha": 0.0, "agave_2023_ha": 0.0, "agave_2024_ha": 0.0, "agave_2025_ha": 0.0, "distrito_v11": "tlacolula"}, "geometry": {"type": "Polygon", "coordinates": [[[-96.57020488015162, 16.970640290014384], [-96.56839285918876, 16.962882550272095], [-96.5710511204561, 16.947654429951566], [-96.56761131976361, 16.94675232004518], [-96.5676661695624, 16.930390430912606], [-96.58153640029873, 16.931189820001663], [-96.58579016973536, 16.929906120600506], [-96.60300597968633, 16.942492969913452], [-96.59400127900626, 16.977738770090955], [-96.57020488015162, 16.970640290014384]]]}}, {"type": "Feature", "properties": {"cve_mun": "20008", "municipio": "Asunci\u00f3n Tlacolulita", "region": "costa", "area_km2": 190.9, "agave_2015_ha": 0.0, "agave_2016_ha": 0.0, "agave_2017_ha": 0.0, "agave_2018_ha": 0.0, "agave_2019_ha": 0.0, "agave_2020_ha": 0.0, "agave_2021_ha": 0.0, "agave_2022_ha": 0.0, "agave_2023_ha": 0.0, "agave_2024_ha": 0.0, "agave_2025_ha": 0.0, "distrito_v11": "yautepec"}, "geometry": {"type": "Polygon", "coordinates": [[[-95.69532757974935, 16.33626925006421], [-95.71634721988146, 16.280857999687942], [-95.73711179985519, 16.286111379819957], [-95.74043422042637, 16.282632679822065], [-95.74463950971229, 16.280974419580392], [-95.75083302967444, 16.282437779839476], [-95.75435637007139, 16.279534399558106], [-95.75573637975414, 16.281032649586912], [-95.75791007969268, 16.278191319633148], [-95.7652615201486, 16.274771310164144], [-95.76817193992109, 16.26983661963664], [-95.77071585010454, 16.271242829655925], [-95.7840368903413, 16.26721472023658], [-95.7808187201551, 16.26371818021105], [-95.78549591962867, 16.26071215000318], [-95.77111631005734, 16.253318139664668], [-95.76635702969246, 16.25518659962684], [-95.76334175029646, 16.25470760040651], [-95.76466336983643, 16.251737659605837], [-95.76243388995356, 16.251166109726373], [-95.76255194030917, 16.249905750314785], [-95.76993695034405, 16.245374690025077], [-95.76704122010526, 16.24292635006332], [-95.7655758595687, 16.238948489912627], [-95.75803979955757, 16.235888650015625], [-95.75606582043117, 16.232435490349676], [-95.75046780032214, 16.233751600264327], [-95.7446407695781, 16.23058418011698], [-95.74322964965859, 16.22653296974279], [-95.74403486006315, 16.22209188028273], [-95.74226831979917, 16.221845080423304], [-95.74381625974944, 16.220529799722794], [-95.74129351969476, 16.21422447982776], [-95.74310497978229, 16.21297105019953], [-95.7382307502628, 16.206174859660447], [-95.73299128972744, 16.202851289718225], [-95.7307005801543, 16.203321429987177], [-95.73181022995362, 16.197477490094585], [-95.7358671503836, 16.20029645034271], [-95.7373827801431, 16.19907211010053], [-95.734000000046, 16.193262050004435], [-95.7350429500227, 16.187818879665603], [-95.73760811013457, 16.1897567102296], [-95.74177234968231, 16.189282539567134], [-95.75379506038517, 16.194937649804206], [-95.75674555044058, 16.195136120194388], [-95.7581911095504, 16.19320334006756], [-95.7479665196262, 16.177305140044474], [-95.74958682006857, 16.168899140299075], [-95.75217292005675, 16.16701070998503], [-95.75264388005218, 16.16380432042623], [-95.74966826031282, 16.15875489016449], [-95.74560065988948, 16.15570369022855], [-95.72983893969284, 16.117010140064128], [-95.72351705956453, 16.111827050384587], [-95.73012933988942, 16.099701340330874], [-95.73062763004022, 16.090898379555693], [-95.7351184602645, 16.07836171974677], [-95.76432927990395, 16.082016320081998], [-95.80515976986878, 16.149395230413948], [-95.80647720048051, 16.16072044962598], [-95.80583582031132, 16.17558251046196], [-95.80180947983368, 16.182337249983153], [-95.79566652004416, 16.186479920291994], [-95.79164304981371, 16.187283450406532], [-95.7915834499652, 16.191399750315032], [-95.79405454010205, 16.195496829694843], [-95.79093414012014, 16.2009446504176], [-95.79117792040395, 16.204104150277715], [-95.78754587979427, 16.20668137970369], [-95.7870578599694, 16.208795059805546], [-95.78837391013496, 16.209606340419743], [-95.78781720042832, 16.211692379672726], [-95.79027934004, 16.209949289724992], [-95.79206635001708, 16.210885340131064], [-95.792954919734, 16.215923580347642], [-95.79705893967216, 16.209444420398853], [-95.8020521500655, 16.212946199807494], [-95.80826724961028, 16.21229107980082], [-95.8121308298953, 16.25087451989076], [-95.80458921965754, 16.272480219865862], [-95.7954042795704, 16.279565509535658], [-95.82821328027954, 16.314478680453913], [-95.76271719960688, 16.3424385399805], [-95.69532757974935, 16.33626925006421]]]}}, {"type": "Feature", "properties": {"cve_mun": "20051", "municipio": "Magdalena Teitipac", "region": "valles_centrales", "area_km2": 39.44, "agave_2015_ha": 0.0, "agave_2016_ha": 0.0, "agave_2017_ha": 0.0, "agave_2018_ha": 0.0, "agave_2019_ha": 0.0, "agave_2020_ha": 0.0, "agave_2021_ha": 0.0, "agave_2022_ha": 0.0, "agave_2023_ha": 0.0, "agave_2024_ha": 0.0, "agave_2025_ha": 0.0, "distrito_v11": "tlacolula"}, "geometry": {"type": "Polygon", "coordinates": [[[-96.5622240596255, 16.92982066025254], [-96.54633545979695, 16.93071699954763], [-96.54448979996971, 16.892529620352683], [-96.54003296992374, 16.890181049556617], [-96.52465535033427, 16.871041149578613], [-96.51850649022403, 16.867790279808172], [-96.51938541958968, 16.862895279584176], [-96.52588771952873, 16.86073194037863], [-96.53384546023103, 16.851696090008264], [-96.55672897040776, 16.844727169703187], [-96.57697857976187, 16.8822084203625], [-96.58929435013037, 16.91791976966652], [-96.58972602040228, 16.92405380005107], [-96.58153640029873, 16.931189820001663], [-96.5676661695624, 16.930390430912606], [-96.56765549046337, 16.933819219817337], [-96.5622240596255, 16.92982066025254]]]}}, {"type": "Feature", "properties": {"cve_mun": "20059", "municipio": "Miahuatl\u00e1n de Porfirio D\u00edaz", "region": "sierra_sur", "area_km2": 469.51, "agave_2015_ha": 0.0, "agave_2016_ha": 0.0, "agave_2017_ha": 0.0, "agave_2018_ha": 0.0, "agave_2019_ha": 0.0, "agave_2020_ha": 0.0, "agave_2021_ha": 0.0, "agave_2022_ha": 0.0, "agave_2023_ha": 0.0, "agave_2024_ha": 0.0, "agave_2025_ha": 0.0, "distrito_v11": "miahuatlan"}, "geometry": {"type": "Polygon", "coordinates": [[[-96.70321725974325, 16.49505777960607], [-96.67538421926305, 16.481309550643388], [-96.6740849104058, 16.48439657117286], [-96.66905205883357, 16.4834081699058], [-96.65984781877387, 16.488072169960443], [-96.66111022971296, 16.47264237996452], [-96.64347581890728, 16.468752139680397], [-96.63499845855574, 16.46173754119776], [-96.63352375011759, 16.455984090253146], [-96.63236975033958, 16.458125310845503], [-96.63324375014008, 16.463059110976612], [-96.62824517947313, 16.472392819915985], [-96.62015748951326, 16.469435310242645], [-96.61485910872806, 16.472057199553714], [-96.61053128930841, 16.470859799682064], [-96.61450509006492, 16.470637199998304], [-96.61122971863898, 16.469179369648067], [-96.61266187910385, 16.46664001988408], [-96.61194114032449, 16.46374080029261], [-96.60804291939527, 16.462505480120974], [-96.60527950879283, 16.459282429832168], [-96.59978864914304, 16.460786400296307], [-96.59437447955209, 16.46838640072345], [-96.58950002043986, 16.46953138034547], [-96.59136337970789, 16.47303771082441], [-96.58630174928122, 16.477139290432504], [-96.5827908590908, 16.475509550847473], [-96.56927302909368, 16.476445231094353], [-96.5568303796658, 16.47879818064099], [-96.55474633870082, 16.480898940618722], [-96.55452191895567, 16.47768506026147], [-96.5523097698092, 16.47815212101705], [-96.54694550970842, 16.474519911306672], [-96.54743949043862, 16.472871619982303], [-96.55259422890352, 16.470839290075727], [-96.55215071877808, 16.463217979830894], [-96.56461928010167, 16.459301259927486], [-96.56905707911119, 16.45656754080152], [-96.57180241989776, 16.452382061217698], [-96.57857562994218, 16.449894049826156], [-96.57659192023084, 16.446741521257035], [-96.53516137928533, 16.45322723103815], [-96.5306368196526, 16.445037121212962], [-96.53663373864306, 16.439613139854938], [-96.54019905036192, 16.412324080204503], [-96.55253178016206, 16.385105919611156], [-96.55733211013214, 16.37839607993045], [-96.55902368903917, 16.36335734092679], [-96.54436284870859, 16.35231894086933], [-96.5399909397053, 16.324366511280438], [-96.52806367870075, 16.321987879885118], [-96.52557547979043, 16.333038581310493], [-96.51896362910301, 16.33692902108482], [-96.52070079880309, 16.340199910879782], [-96.51676374023586, 16.345655199936314], [-96.51716368900922, 16.34959836953016], [-96.52111808955658, 16.3564487199043], [-96.52002264855983, 16.357706621242933], [-96.50176519927903, 16.355684630574565], [-96.50001848957332, 16.358612460527993], [-96.49930037935795, 16.355740140621176], [-96.50097112031668, 16.35182351076778], [-96.4917381087755, 16.35019277021739], [-96.48499094961262, 16.351777480822825], [-96.48482562923117, 16.353886150905296], [-96.47454430911364, 16.353280659655724], [-96.45406332015735, 16.34683768013155], [-96.42984727943902, 16.349432060735865], [-96.43167641977607, 16.334633430896144], [-96.43633521982107, 16.3198332909331], [-96.45252194970142, 16.312915520026735], [-96.4657082586927, 16.32832336970652], [-96.46644108969907, 16.33202374077693], [-96.47466501872219, 16.338893309930793], [-96.47944121870721, 16.33941592001236], [-96.47798821860155, 16.343944571105276], [-96.47973508020118, 16.344552309584863], [-96.47744936919644, 16.348180740626077], [-96.48087154947812, 16.350552150811602], [-96.47949925779724, 16.34702558049272], [-96.48616564990805, 16.34647614015639], [-96.48503073971888, 16.3503931103424], [-96.49017548027197, 16.34941726048418], [-96.49592291972566, 16.34568551129074], [-96.49799085903611, 16.338045770602783], [-96.50015571015912, 16.336203649886375], [-96.5007366895448, 16.328864620969075], [-96.50903018010372, 16.3193942312025], [-96.51098033886346, 16.310491490368854], [-96.51690848915788, 16.312929880386466], [-96.5193948186205, 16.309417620789855], [-96.52049325956304, 16.3116673999844], [-96.52921595012884, 16.313143980296022], [-96.52842391961366, 16.31004778039686], [-96.53056680006144, 16.30550297965874], [-96.5296857200058, 16.300658089750417], [-96.51582741912554, 16.297873510527015], [-96.5092005192608, 16.2924254005705], [-96.50868144998661, 16.27192175011563], [-96.48830797031414, 16.25089092038453], [-96.49748777955178, 16.24875694004985], [-96.50528656908662, 16.244642890642897], [-96.5125500903197, 16.246400780732873], [-96.52035133907044, 16.241435690880888], [-96.52921228995986, 16.24097440029787], [-96.55189731969733, 16.28913511968898], [-96.56755311042117, 16.280570820625147], [-96.59635754982372, 16.280171230302443], [-96.5978737996752, 16.27671977045027], [-96.61261807950548, 16.27192809038314], [-96.6104779203576, 16.264929679751173], [-96.64233624977628, 16.24211995090774], [-96.65790224993788, 16.227040980091203], [-96.65913909041211, 16.23611117034644], [-96.69542389045836, 16.252582180011515], [-96.71368462030122, 16.24149888067101], [-96.72464761891733, 16.240672151191063], [-96.73196116999367, 16.24265766024927], [-96.73870777932545, 16.235554849560824], [-96.7609488496506, 16.228339340931846], [-96.76188031042412, 16.237476140109454], [-96.76520331005213, 16.239123350827185], [-96.76934894954876, 16.247328170071835], [-96.77609296964805, 16.251747480923257], [-96.79129697957883, 16.252784579808072], [-96.79700605873488, 16.24801051009766], [-96.80006439876898, 16.25033558121434], [-96.7980354787606, 16.25518083041711], [-96.80226274028988, 16.25559131968779], [-96.80596642992184, 16.25796010996436], [-96.80745579911495, 16.259723711126806], [-96.80540285950524, 16.262595780807988], [-96.81022345039267, 16.260891349834527], [-96.80952434002369, 16.26713853970676], [-96.81341919933429, 16.266969340879598], [-96.81438147972922, 16.269492970639618], [-96.81889025031786, 16.26778514044207], [-96.81788578041707, 16.27075430994342], [-96.82180124930025, 16.26995675074482], [-96.81921982981609, 16.27563251986493], [-96.8241363486189, 16.275094000303444], [-96.8256145403262, 16.276675171139804], [-96.82393918036561, 16.27958702055018], [-96.82801710924517, 16.279581320470154], [-96.82857603016998, 16.2827074811861], [-96.83423267971844, 16.2863230202658], [-96.83471810986933, 16.289017430234956], [-96.8381844502356, 16.287470200425894], [-96.8406910803421, 16.29169822037306], [-96.83934468992993, 16.2960007097636], [-96.84095794975667, 16.295938399758732], [-96.84444458035473, 16.29039805023975], [-96.8465912587645, 16.293197540927093], [-96.8442736587878, 16.295151349839742], [-96.8470454001639, 16.2947040508385], [-96.84972160016201, 16.289546689577296], [-96.85321605005826, 16.292301680575463], [-96.85595411009169, 16.29186851111973], [-96.85488944973162, 16.296253890415713], [-96.8582760296223, 16.295960910286965], [-96.85970231030413, 16.299830620241686], [-96.86150508886244, 16.298734290073916], [-96.8623194001744, 16.293090111063954], [-96.86410902880074, 16.293386480695244], [-96.86495791980974, 16.29557575054805], [-96.86644579955744, 16.29431953958203], [-96.86568889042124, 16.292623650158184], [-96.86882014881624, 16.290839459937676], [-96.86962943036256, 16.292115449638487], [-96.86696691988301, 16.30005394090455], [-96.84982828963165, 16.314695569590295], [-96.84991062008707, 16.31652597020728], [-96.85252031954306, 16.31761837971156], [-96.856546398751, 16.31339094951053], [-96.8619677099121, 16.3179404903658], [-96.8611593097294, 16.3204112807177], [-96.8573654292616, 16.322582460211564], [-96.85612106011936, 16.32759386102383], [-96.8517076503654, 16.330343600449204], [-96.83809020027326, 16.330395829612602], [-96.83599290862658, 16.337202090217065], [-96.81426288942009, 16.34128780040131], [-96.81232892015339, 16.339030370144204], [-96.8089774301348, 16.339538280206554], [-96.79553559896627, 16.33228457051861], [-96.79429179988003, 16.322822909546947], [-96.7892055486617, 16.31976409122597], [-96.78717065992973, 16.316214580796597], [-96.763160510287, 16.335190150244806], [-96.7401881498132, 16.290814689941957], [-96.73518675003531, 16.30445426085177], [-96.71841554931932, 16.300917600971744], [-96.71283803009399, 16.298055092139233], [-96.71894978039644, 16.287335829652577], [-96.6983378803113, 16.27232028996226], [-96.68971257877453, 16.276806220024827], [-96.67610342988385, 16.291001310011065], [-96.66687267941253, 16.28865951042805], [-96.66113140022803, 16.28541111018039], [-96.66424204984483, 16.282126889727504], [-96.67172127860906, 16.283010629857284], [-96.67853461882565, 16.280091059815504], [-96.67815162045594, 16.27844064991541], [-96.67163922892931, 16.2772099112361], [-96.66861911002867, 16.274483831256024], [-96.67553432019847, 16.268855350837242], [-96.66965411988825, 16.26403541969736], [-96.66979503011473, 16.261805580842083], [-96.65964128883866, 16.262760850179156], [-96.6498513988134, 16.26649843025131], [-96.6446369797635, 16.26682434129929], [-96.63790264920723, 16.283403999886136], [-96.6215770197421, 16.292656309784437], [-96.62509671008274, 16.296948691160594], [-96.62407181896536, 16.314789740369037], [-96.6281380793624, 16.329373199727897], [-96.63827179997575, 16.329617420120663], [-96.61647491009884, 16.350023909997155], [-96.61375737870056, 16.35524531040242], [-96.61865887903039, 16.359449229647225], [-96.61411337931851, 16.361024379662542], [-96.60813637040295, 16.368037569724198], [-96.61234030890962, 16.372283380949504], [-96.61689117002132, 16.38342558011348], [-96.62083773864845, 16.386119479984973], [-96.62076271886883, 16.3952402901121], [-96.62361917872961, 16.40982749119335], [-96.62715026016076, 16.413258660878668], [-96.62966860017295, 16.413640429630462], [-96.63114834043834, 16.419107219794306], [-96.6531664595988, 16.37147291967089], [-96.65760596985585, 16.37050075091155], [-96.65894604905517, 16.366405889621305], [-96.6615213792057, 16.365369291058542], [-96.66150371910886, 16.361138780523618], [-96.66687464881855, 16.365407910857524], [-96.67216976875198, 16.35849257032941], [-96.67661054992303, 16.36376543095379], [-96.67427589035842, 16.37242978027458], [-96.67163177942788, 16.374486691132994], [-96.66919582959154, 16.380273631068263], [-96.67297362944328, 16.37937143049693], [-96.67521070999543, 16.3804953201004], [-96.67705233886603, 16.379197979931494], [-96.67808384913215, 16.381582141252135], [-96.68467387954644, 16.38344510992008], [-96.68839076986015, 16.390697939825976], [-96.69017357020171, 16.399028290449213], [-96.6939936191793, 16.40177300095627], [-96.6970125201066, 16.40177135036707], [-96.6965868801723, 16.40648412009863], [-96.69936588040514, 16.406221060006555], [-96.69981922962614, 16.40937992133028], [-96.7045248491798, 16.41563851123721], [-96.70332987984654, 16.41909710973341], [-96.70755377940978, 16.42084103108435], [-96.70148453967498, 16.42776941986734], [-96.7037172191929, 16.428711889991032], [-96.70364803016267, 16.430450800107646], [-96.7003920892321, 16.44048527971832], [-96.68296671002496, 16.42238285113011], [-96.67286002998102, 16.436091021000856], [-96.6699067395719, 16.456203951333002], [-96.67685019862205, 16.46056668087286], [-96.679574999222, 16.46041694084182], [-96.67829310941896, 16.461334110565975], [-96.68028125902651, 16.463355751054785], [-96.68525039935157, 16.4623463810277], [-96.68526285006587, 16.463680449605107], [-96.68690187901892, 16.46268361974928], [-96.68743079873943, 16.463943180206286], [-96.69751099998396, 16.456208650840594], [-96.70424338043577, 16.449047340394696], [-96.70297601912067, 16.443992550650044], [-96.70467068039068, 16.441579911267766], [-96.70327377037167, 16.44042763064855], [-96.70560084890394, 16.437316539768588], [-96.70482510959802, 16.435208549916286], [-96.70717631947194, 16.433005630437048], [-96.70988613950848, 16.421346450729875], [-96.70966325906262, 16.41809785048887], [-96.70852484965147, 16.41802350999214], [-96.70822627972105, 16.417364369579627], [-96.71342282903856, 16.41822590963842], [-96.71623659892992, 16.42110218063639], [-96.72490757007958, 16.42492074994148], [-96.71354211899857, 16.44048814102049], [-96.7162743495582, 16.444204171013627], [-96.7178806301599, 16.443815349723398], [-96.71606648882593, 16.44638175000497], [-96.71785858017874, 16.447492290708503], [-96.71950661878634, 16.446234739506814], [-96.7195643199401, 16.447432569640274], [-96.7159251488455, 16.45089662954618], [-96.71823981972969, 16.45218087956122], [-96.71688045960019, 16.454394849572004], [-96.71774505006964, 16.45577662017096], [-96.71431088886365, 16.457603629794946], [-96.72075042873686, 16.45969731119684], [-96.72220284865547, 16.462557020371708], [-96.7237838787364, 16.46110611033314], [-96.72531778018616, 16.461964540036156], [-96.7258224289689, 16.45987925991078], [-96.73155550924226, 16.458614950158783], [-96.73710450966777, 16.478479319638097], [-96.71779045045878, 16.486328770002295], [-96.70321725974325, 16.49505777960607]]]}}, {"type": "Feature", "properties": {"cve_mun": "20061", "municipio": "Monjas", "region": "sierra_sur", "area_km2": 22.53, "agave_2015_ha": 0.0, "agave_2016_ha": 0.0, "agave_2017_ha": 0.0, "agave_2018_ha": 0.0, "agave_2019_ha": 0.0, "agave_2020_ha": 0.0, "agave_2021_ha": 0.0, "agave_2022_ha": 0.0, "agave_2023_ha": 0.0, "agave_2024_ha": 0.0, "agave_2025_ha": 0.0, "distrito_v11": "miahuatlan"}, "geometry": {"type": "Polygon", "coordinates": [[[-96.62966860017295, 16.413640429630462], [-96.62332767873349, 16.409089349712136], [-96.62059927952008, 16.385557220391878], [-96.61689117002132, 16.38342558011348], [-96.61234030890962, 16.372283380949504], [-96.60813637040295, 16.368037569724198], [-96.61411337931851, 16.361024379662542], [-96.61865887903039, 16.359449229647225], [-96.61375737870056, 16.35524531040242], [-96.61647491009884, 16.350023909997155], [-96.63827179997575, 16.329617420120663], [-96.64454664975065, 16.33530953985981], [-96.63187755022547, 16.35496652043272], [-96.63929381967871, 16.356670570330383], [-96.64532518015473, 16.3606706497861], [-96.64655327989149, 16.365065750046583], [-96.65042588956538, 16.368284740067423], [-96.6492133198412, 16.3705067408459], [-96.65324914003946, 16.372045200247825], [-96.63114834043834, 16.419107219794306], [-96.62966860017295, 16.413640429630462]]]}}, {"type": "Feature", "properties": {"cve_mun": "20064", "municipio": "Nejapa de Madero", "region": "valles_centrales", "area_km2": 506.06, "agave_2015_ha": 0.0, "agave_2016_ha": 0.0, "agave_2017_ha": 0.0, "agave_2018_ha": 0.0, "agave_2019_ha": 0.0, "agave_2020_ha": 0.0, "agave_2021_ha": 0.0, "agave_2022_ha": 0.0, "agave_2023_ha": 0.0, "agave_2024_ha": 0.0, "agave_2025_ha": 0.0, "distrito_v11": "yautepec"}, "geometry": {"type": "MultiPolygon", "coordinates": [[[[-95.95472975009908, 16.657940649598103], [-95.95709128955679, 16.6410754312593], [-95.95685997001465, 16.6270283495876], [-95.9522606499933, 16.630546080015108], [-95.94927468045498, 16.61690058010228], [-95.92942132047176, 16.59782694987025], [-95.92956734040591, 16.58807034045255], [-95.94157405979036, 16.559787119566213], [-95.94883732033304, 16.547495229894317], [-95.99880669016025, 16.531340890452153], [-95.98484529005978, 16.51692114059908], [-95.98228351981284, 16.507292200207818], [-95.9826140596668, 16.46557629056367], [-95.98680728903041, 16.466947781240496], [-95.99936347870822, 16.466427051149257], [-96.01849808959443, 16.462896750003548], [-96.02784277917212, 16.4713995210614], [-96.01838131914862, 16.483298889836707], [-96.03209794944104, 16.493264261574517], [-96.03508707924567, 16.488808200138592], [-96.05970124987007, 16.505204001044934], [-96.06061764949709, 16.523385952047985], [-96.04478915002403, 16.566543259985764], [-96.04974546027921, 16.61879962085407], [-96.0487317991552, 16.62832712050643], [-96.06074411993072, 16.63720871042103], [-96.04475717959761, 16.631234370328123], [-96.03360165025639, 16.632291720556594], [-96.01039123036286, 16.652420149985666], [-96.00173526045397, 16.65092091967499], [-95.98325083035243, 16.650944179861973], [-95.95472975009908, 16.657940649598103]]], [[[-95.5881859499205, 16.86872503012702], [-95.5770670596845, 16.86546887970635], [-95.56497939982923, 16.844386829592203], [-95.56676197966435, 16.844444679898263], [-95.56620771998008, 16.842856149802216], [-95.57366953958, 16.838597050362743], [-95.57743967959327, 16.832336060362334], [-95.58427135042115, 16.8306767809421], [-95.58934185972689, 16.824350370158697], [-95.59562873994737, 16.822198459852256], [-95.58314213962336, 16.813904849575948], [-95.57983685998131, 16.81594368038229], [-95.57158300029, 16.81582031029076], [-95.56786228960617, 16.81832742970385], [-95.56746138028043, 16.82040722024271], [-95.56357714970183, 16.821891259720765], [-95.55794971960546, 16.82159257981844], [-95.55598857032795, 16.818010109803758], [-95.56467279954981, 16.811207140007923], [-95.56916106021077, 16.779402800199893], [-95.56808795004028, 16.768567749937237], [-95.60082558031584, 16.73913522984703], [-95.6123878604464, 16.71198842019968], [-95.6211003699587, 16.722117910944956], [-95.62502910988512, 16.72349226043841], [-95.63357001963325, 16.721419320169716], [-95.62657927965587, 16.727178170290244], [-95.62792793978862, 16.730983030401198], [-95.66779423001968, 16.706914970302197], [-95.682521919552, 16.699989030319333], [-95.68105625987805, 16.698087849919602], [-95.6713694501421, 16.696395260076756], [-95.67341392027225, 16.694062420413047], [-95.67322651961732, 16.691714949609075], [-95.66802452013461, 16.688889680107433], [-95.66464420025935, 16.689487661129927], [-95.65158522023015, 16.67176371004857], [-95.65266837993616, 16.662880049549916], [-95.6613021801536, 16.648639380155956], [-95.68774620003526, 16.63815410979795], [-95.67652574961083, 16.637605460950535], [-95.67965900004238, 16.621908599761053], [-95.67830099964272, 16.611999710195843], [-95.68912181993282, 16.614680341022208], [-95.72922362963762, 16.608997829666627], [-95.73556863036713, 16.603708419801627], [-95.74634794993796, 16.587288620352293], [-95.74676527965815, 16.581986420990244], [-95.75075405003501, 16.575672109871824], [-95.75120091029063, 16.5710477404016], [-95.7552271497724, 16.562572339899685], [-95.77262685866665, 16.599230969716377], [-95.77317328998764, 16.605246221144725], [-95.77507967937144, 16.608178710516125], [-95.77399268021732, 16.610892941843872], [-95.77498805918194, 16.612473851804143], [-95.7734781195249, 16.613650909734176], [-95.77094741867113, 16.61282225164919], [-95.76935517970067, 16.61761687964491], [-95.77011511979487, 16.61918949032155], [-95.78315198008059, 16.61994836972763], [-95.78825314951806, 16.643111580361346], [-95.77137953901766, 16.65360146169227], [-95.75680884966646, 16.66746492102504], [-95.75834017000085, 16.69627591962423], [-95.73968659928893, 16.702119280652884], [-95.73571057921745, 16.71715318106948], [-95.74028084974466, 16.71921412070462], [-95.74212885916747, 16.722799909965687], [-95.7451615102073, 16.720709781100204], [-95.74499828863803, 16.715786291210087], [-95.75030017980174, 16.714595981927463], [-95.7538002593917, 16.720405881139083], [-95.75219156894228, 16.722466020619308], [-95.74790116907104, 16.723724319582217], [-95.75228097957775, 16.724543291058804], [-95.70853082953761, 16.768811030479036], [-95.71122414860831, 16.778258600749744], [-95.70911145963662, 16.788067251046616], [-95.67160105902144, 16.804413400712868], [-95.6879794488723, 16.81484148124344], [-95.67990362920838, 16.824727120801587], [-95.671995029678, 16.821401430992267], [-95.6674203093796, 16.81728515132089], [-95.66192588891317, 16.819793739524346], [-95.66206242894285, 16.812696800668245], [-95.65619652008185, 16.81093064993954], [-95.6176957492582, 16.82727364993164], [-95.61058874960445, 16.825254400272282], [-95.60868851895171, 16.828806770514962], [-95.61454668980299, 16.83344325098486], [-95.61451565019664, 16.83568843129996], [-95.60727837017843, 16.838345150509365], [-95.60739539999282, 16.845835749891517], [-95.6126839986816, 16.847638000475825], [-95.61453777896939, 16.851859740792115], [-95.61560185031068, 16.849050820248426], [-95.61940891880819, 16.849830290702652], [-95.62607394033105, 16.846368459611174], [-95.62946847976642, 16.84648929046887], [-95.63403277986778, 16.853260020883475], [-95.641100920296, 16.853848661197397], [-95.61940034962988, 16.87431249018972], [-95.61420507974744, 16.872838540698808], [-95.60850434029989, 16.864239182060718], [-95.60284608925882, 16.864029750350436], [-95.5916361800446, 16.874569320051915], [-95.59109049029227, 16.87134825956662], [-95.5881859499205, 16.86872503012702]]]]}}, {"type": "Feature", "properties": {"cve_mun": "20074", "municipio": "Santa Catarina Quioquitani", "region": "valles_centrales", "area_km2": 38.62, "agave_2015_ha": 0.0, "agave_2016_ha": 0.0, "agave_2017_ha": 0.0, "agave_2018_ha": 0.0, "agave_2019_ha": 0.0, "agave_2020_ha": 0.0, "agave_2021_ha": 0.0, "agave_2022_ha": 0.0, "agave_2023_ha": 0.0, "agave_2024_ha": 0.0, "agave_2025_ha": 0.0, "distrito_v11": "yautepec"}, "geometry": {"type": "Polygon", "coordinates": [[[-96.3032052298668, 16.362620050400793], [-96.29696111955938, 16.360462740688824], [-96.29385450861889, 16.349052631033192], [-96.2871509388752, 16.346431950185334], [-96.28652851982606, 16.34327140096237], [-96.28211079985758, 16.340900431226636], [-96.27849868870211, 16.331899030781628], [-96.27975974984301, 16.325834980619327], [-96.27747428862232, 16.322555581069054], [-96.27496133909294, 16.322502771305107], [-96.27215073895852, 16.31699744987251], [-96.25988314039232, 16.31292328046587], [-96.24287375005059, 16.31455366027638], [-96.23777996997006, 16.312297520511432], [-96.23595482896683, 16.3029342803808], [-96.22620016991802, 16.29268986037081], [-96.2214309996763, 16.291448089589217], [-96.21773986040563, 16.28446925098468], [-96.21011220019729, 16.279215030312255], [-96.20900769009101, 16.273509659556225], [-96.22321892037854, 16.2797059504479], [-96.23072158045214, 16.279088819894923], [-96.23499848914273, 16.276026261059716], [-96.24251714961513, 16.275017940996065], [-96.25703797987518, 16.28569806026481], [-96.27606874902875, 16.284889851005087], [-96.288201688816, 16.28975175044725], [-96.29642692037633, 16.301952230138074], [-96.29584581978055, 16.30344945121219], [-96.29939482039117, 16.310001090166175], [-96.30227582023379, 16.31400632063634], [-96.30533433868789, 16.31396749003569], [-96.30794831983118, 16.327379249851493], [-96.31003342991113, 16.32724352058116], [-96.30913352015051, 16.329759620546383], [-96.31102271905758, 16.33750491052773], [-96.30858811901378, 16.33831377072731], [-96.30927071935116, 16.340581450826246], [-96.30754245946538, 16.342766381116043], [-96.30894262882109, 16.343907000857016], [-96.30693294920007, 16.344173119921166], [-96.30618679961313, 16.35367391043395], [-96.30794905889282, 16.354608619689298], [-96.3032052298668, 16.362620050400793]]]}}, {"type": "Feature", "properties": {"cve_mun": "20078", "municipio": "Rojas de Cuauht\u00e9moc", "region": "sierra_norte", "area_km2": 12.48, "agave_2015_ha": 0.0, "agave_2016_ha": 0.0, "agave_2017_ha": 0.0, "agave_2018_ha": 0.0, "agave_2019_ha": 0.0, "agave_2020_ha": 0.0, "agave_2021_ha": 0.0, "agave_2022_ha": 0.0, "agave_2023_ha": 0.0, "agave_2024_ha": 0.0, "agave_2025_ha": 0.0, "distrito_v11": "tlacolula"}, "geometry": {"type": "Polygon", "coordinates": [[[-96.61526237006477, 17.024558821328036], [-96.60889142992822, 17.021516951277587], [-96.60847645993852, 17.018234459951213], [-96.61385097930297, 17.011018940627512], [-96.61540377047557, 17.000978859575056], [-96.62463226015123, 17.00289899972289], [-96.62598882024902, 16.987550199564055], [-96.6556064899596, 16.986158510203005], [-96.66453833892975, 17.006915080412988], [-96.66326022965124, 17.009606020997392], [-96.65547239988548, 17.0068973505665], [-96.64466916984924, 17.00728357100721], [-96.62449977009511, 17.017535340901066], [-96.62199945029687, 17.01695745135912], [-96.6217335103388, 17.01940257126141], [-96.61526237006477, 17.024558821328036]]]}}, {"type": "Feature", "properties": {"cve_mun": "20095", "municipio": "San Andr\u00e9s Paxtl\u00e1n", "region": "costa", "area_km2": 57.38, "agave_2015_ha": 0.0, "agave_2016_ha": 0.0, "agave_2017_ha": 0.0, "agave_2018_ha": 0.0, "agave_2019_ha": 0.0, "agave_2020_ha": 0.0, "agave_2021_ha": 0.0, "agave_2022_ha": 0.0, "agave_2023_ha": 0.0, "agave_2024_ha": 0.0, "agave_2025_ha": 0.0, "distrito_v11": "miahuatlan"}, "geometry": {"type": "Polygon", "coordinates": [[[-96.55279551020948, 16.25099525956624], [-96.54798329032745, 16.252717449594687], [-96.5489435998533, 16.249518369820578], [-96.54754848004208, 16.25049679989454], [-96.54551603000408, 16.24917049014594], [-96.53593544978212, 16.2518584004299], [-96.52921228995986, 16.24097440029787], [-96.52658494940579, 16.240724379947096], [-96.52035133907044, 16.241435690880888], [-96.51375927930822, 16.24618015057957], [-96.50996616977734, 16.246645420753094], [-96.50528656908662, 16.244642890642897], [-96.49748777955178, 16.24875694004985], [-96.48830797031414, 16.25089092038453], [-96.48348988038022, 16.240149581348028], [-96.47827361892058, 16.235428650647563], [-96.47690851955556, 16.231749769750255], [-96.48401296978682, 16.227194510124438], [-96.48705241986328, 16.213477140005324], [-96.48448682022256, 16.209064509883152], [-96.48551678024769, 16.203495579755806], [-96.48427863015661, 16.201646109986807], [-96.48375837041405, 16.1917185202099], [-96.48509700025274, 16.1890266898057], [-96.48405455027456, 16.186684369848383], [-96.48641474970108, 16.185234200145164], [-96.49042971972412, 16.187572860069054], [-96.4981341497777, 16.186464649560705], [-96.49991317968302, 16.183774170117196], [-96.50593556966746, 16.18371461978655], [-96.51387997986063, 16.187961230415794], [-96.55224788023145, 16.177841119626045], [-96.55957761973241, 16.180514480024716], [-96.58416379985621, 16.1708067800891], [-96.58553502004114, 16.1743368303907], [-96.58510582036548, 16.190809369919638], [-96.54058686005187, 16.20719541966079], [-96.56471562962021, 16.20298336971948], [-96.53864342012362, 16.21627673975932], [-96.54485916974966, 16.224396149986134], [-96.5574522200792, 16.251884400016387], [-96.55484207960279, 16.253896479552147], [-96.55279551020948, 16.25099525956624]]]}}, {"type": "Feature", "properties": {"cve_mun": "20131", "municipio": "San Dionisio Ocotepec", "region": "valles_centrales", "area_km2": 311.22, "agave_2015_ha": 0.0, "agave_2016_ha": 0.0, "agave_2017_ha": 0.0, "agave_2018_ha": 0.0, "agave_2019_ha": 0.0, "agave_2020_ha": 0.0, "agave_2021_ha": 0.0, "agave_2022_ha": 0.0, "agave_2023_ha": 0.0, "agave_2024_ha": 0.0, "agave_2025_ha": 0.0, "distrito_v11": "tlacolula"}, "geometry": {"type": "Polygon", "coordinates": [[[-96.3101799497223, 16.87344202043204], [-96.24147827981115, 16.847101369880384], [-96.239210909605, 16.84487897989016], [-96.21991383013379, 16.862690519883284], [-96.21751422981413, 16.867172280053655], [-96.20529572033259, 16.839332750328396], [-96.19840014040062, 16.810727490221105], [-96.2001436896298, 16.722566629895354], [-96.23023275011593, 16.702080819934363], [-96.25122942003416, 16.715031260096758], [-96.28402174042094, 16.748210090145047], [-96.30759846022173, 16.746122740365077], [-96.31343858001465, 16.748653579667025], [-96.32180929043335, 16.738343449888763], [-96.35076256958406, 16.70964987990256], [-96.37735681966375, 16.69673828032042], [-96.39483467957996, 16.69440157022269], [-96.40388351997144, 16.697142030052063], [-96.41565596973494, 16.739317459570977], [-96.42408490974564, 16.746761350168995], [-96.42301177016155, 16.750568710231448], [-96.41698182003944, 16.7572859202008], [-96.41525785046822, 16.765247259619095], [-96.41322188976939, 16.78068818030003], [-96.41392003030654, 16.80506451972745], [-96.41162667958812, 16.81409431954646], [-96.4018687199207, 16.810811140295172], [-96.36679653985256, 16.819233680298563], [-96.34907902023323, 16.8035600797126], [-96.3360270295359, 16.838112520270847], [-96.33311691998699, 16.84313051028264], [-96.32465571974842, 16.850765830240807], [-96.32496934036763, 16.85832254040317], [-96.3101799497223, 16.87344202043204]]]}}, {"type": "Feature", "properties": {"cve_mun": "20118", "municipio": "San Bartolom\u00e9 Quialana", "region": "valles_centrales", "area_km2": 23.94, "agave_2015_ha": 0.0, "agave_2016_ha": 0.0, "agave_2017_ha": 0.0, "agave_2018_ha": 0.0, "agave_2019_ha": 0.0, "agave_2020_ha": 0.0, "agave_2021_ha": 0.0, "agave_2022_ha": 0.0, "agave_2023_ha": 0.0, "agave_2024_ha": 0.0, "agave_2025_ha": 0.0, "distrito_v11": "tlacolula"}, "geometry": {"type": "Polygon", "coordinates": [[[-96.4960662800185, 16.92447631990271], [-96.47611684954315, 16.92140526030545], [-96.4773897500891, 16.90051797024842], [-96.48825769030508, 16.880672420379273], [-96.50060103043033, 16.866754249846274], [-96.49860732023275, 16.86211568022616], [-96.51850649022403, 16.867790279808172], [-96.52465535033427, 16.871041149578613], [-96.50872182008088, 16.929461309651607], [-96.4960662800185, 16.92447631990271]]]}}, {"type": "Feature", "properties": {"cve_mun": "20122", "municipio": "San Bartolo Yautepec", "region": "valles_centrales", "area_km2": 93.78, "agave_2015_ha": 0.0, "agave_2016_ha": 0.0, "agave_2017_ha": 0.0, "agave_2018_ha": 0.0, "agave_2019_ha": 0.0, "agave_2020_ha": 0.0, "agave_2021_ha": 0.0, "agave_2022_ha": 0.0, "agave_2023_ha": 0.0, "agave_2024_ha": 0.0, "agave_2025_ha": 0.0, "distrito_v11": "yautepec"}, "geometry": {"type": "Polygon", "coordinates": [[[-95.96375161874842, 16.473507149845563], [-95.88581374922543, 16.433234860509295], [-95.88181978003078, 16.435891721278267], [-95.87808356877377, 16.433561059529023], [-95.87093962888657, 16.43461519957006], [-95.8667671201357, 16.438588680335844], [-95.86335704919726, 16.44866879992669], [-95.85993793979414, 16.450194250336033], [-95.85579983031377, 16.447915200545374], [-95.85402322985242, 16.443606090071157], [-95.85070397879436, 16.444882450298124], [-95.84725264946337, 16.443570289800977], [-95.84486684986355, 16.438795520278116], [-95.84509291981396, 16.388634599553157], [-95.84988089035225, 16.389742880388983], [-95.85163131988584, 16.384395169857154], [-95.8531531190622, 16.38893638048252], [-95.85599039967708, 16.390162950362345], [-95.8549321198419, 16.392934259908472], [-95.86089925949939, 16.394709569841783], [-95.86068815026196, 16.398773080989674], [-95.86970661972967, 16.396766850342665], [-95.87077476913042, 16.398427830132164], [-95.87512892000055, 16.397308681343098], [-95.87602306012994, 16.39989406004537], [-95.87998508948509, 16.39942435090204], [-95.87903860000955, 16.404971279927558], [-95.88476564890615, 16.405455060006332], [-95.88505139901982, 16.4069608611203], [-95.88274388903142, 16.40831993967035], [-95.88532110901619, 16.410260050848972], [-95.88678225860936, 16.40738426117733], [-95.88975968006673, 16.407733880024104], [-95.89269288028687, 16.405284860844386], [-95.89438151990304, 16.408687380453113], [-95.89594511884864, 16.407172510683477], [-95.89739342874014, 16.40801383099382], [-95.90025597033969, 16.404580489974855], [-95.90381832027239, 16.40540714068394], [-95.90205728004479, 16.408458820835992], [-95.9027479397879, 16.41031485066079], [-95.90632634007427, 16.411448740063566], [-95.90856897895543, 16.408922370906723], [-95.9115036789429, 16.41361297079077], [-95.94786487972318, 16.386648480625606], [-95.94423722037189, 16.380086940311028], [-95.95006065927583, 16.382498451120522], [-95.95658057952352, 16.378213680555834], [-95.95998483046021, 16.379065340086036], [-95.96177677950207, 16.393472170740242], [-95.96578970948629, 16.394740179832777], [-95.9677430804767, 16.39064421961562], [-95.9700941196284, 16.389950829579067], [-95.97707909023978, 16.3936176803763], [-95.97698667939402, 16.40033003064116], [-95.98479548042503, 16.410653979647034], [-95.98293837915803, 16.418559860685], [-95.99240001890249, 16.417928291243886], [-95.99411810875318, 16.423164860631662], [-95.99689913882663, 16.425363199814374], [-96.00468172034707, 16.428026660741747], [-96.01563674910103, 16.436282321189402], [-96.01400611865299, 16.440586151265673], [-96.00000002018169, 16.446786349847745], [-95.99418989026609, 16.44334229100749], [-95.99160624929374, 16.43862318105094], [-95.98777377997847, 16.438191739652044], [-95.98810905971435, 16.439839150083877], [-95.97987633938152, 16.447700780118804], [-95.97778237884577, 16.45977192010078], [-95.96375161874842, 16.473507149845563]]]}}, {"type": "Feature", "properties": {"cve_mun": "20125", "municipio": "San Carlos Yautepec", "region": "valles_centrales", "area_km2": 2314.41, "agave_2015_ha": 0.0, "agave_2016_ha": 0.0, "agave_2017_ha": 0.0, "agave_2018_ha": 0.0, "agave_2019_ha": 0.0, "agave_2020_ha": 0.0, "agave_2021_ha": 0.0, "agave_2022_ha": 0.0, "agave_2023_ha": 0.0, "agave_2024_ha": 0.0, "agave_2025_ha": 0.0, "distrito_v11": "yautepec"}, "geometry": {"type": "Polygon", "coordinates": [[[-95.61360690958243, 16.888701170884918], [-95.60967224958199, 16.87749625102335], [-95.58993481931704, 16.880657460961793], [-95.5908111499907, 16.875481600421693], [-95.60382675023358, 16.86378951106499], [-95.60959826012768, 16.864721660632707], [-95.61420507974744, 16.872838540698808], [-95.61940034962988, 16.87431249018972], [-95.641100920296, 16.853848661197397], [-95.63403277986778, 16.853260020883475], [-95.62946847976642, 16.84648929046887], [-95.62607394033105, 16.846368459611174], [-95.61940891880819, 16.849830290702652], [-95.61560185031068, 16.849050820248426], [-95.61453777896939, 16.851859740792115], [-95.6126839986816, 16.847638000475825], [-95.60739539999282, 16.845835749891517], [-95.60727837017843, 16.838345150509365], [-95.61424457861101, 16.83643104989306], [-95.6146580501949, 16.834591862066745], [-95.60900579980787, 16.829513462012688], [-95.6097681404042, 16.82564083103409], [-95.6176957492582, 16.82727364993164], [-95.65619652008185, 16.81093064993954], [-95.66206242894285, 16.812696800668245], [-95.66192588891317, 16.819793739524346], [-95.6674203093796, 16.81728515132089], [-95.671995029678, 16.821401430992267], [-95.67990362920838, 16.824727120801587], [-95.6879794488723, 16.81484148124344], [-95.67160105902144, 16.804413400712868], [-95.70911145963662, 16.788067251046616], [-95.71122414860831, 16.778258600749744], [-95.70853082953761, 16.768811030479036], [-95.75228097957775, 16.724543291058804], [-95.74790116907104, 16.723724319582217], [-95.75219156894228, 16.722466020619308], [-95.7538002593917, 16.720405881139083], [-95.75030017980174, 16.714595981927463], [-95.74499828863803, 16.715786291210087], [-95.7451615102073, 16.720709781100204], [-95.74212885916747, 16.722799909965687], [-95.74028084974466, 16.71921412070462], [-95.73571057921745, 16.71715318106948], [-95.73968659928893, 16.702119280652884], [-95.75834017000085, 16.69627591962423], [-95.75680884966646, 16.66746492102504], [-95.77137953901766, 16.65360146169227], [-95.78825314951806, 16.643111580361346], [-95.78315198008059, 16.61994836972763], [-95.77011511979487, 16.61918949032155], [-95.76921014894246, 16.617077709964484], [-95.77094741867113, 16.61282225164919], [-95.7734781195249, 16.613650909734176], [-95.77498805918194, 16.612473851804143], [-95.77399268021732, 16.610892941843872], [-95.77507967937144, 16.608178710516125], [-95.77317328998764, 16.605246221144725], [-95.77262685866665, 16.599230969716377], [-95.7552271497724, 16.562572339899685], [-95.76447439990532, 16.544735720151206], [-95.76015771906495, 16.54062588965864], [-95.76057018035165, 16.537385771218226], [-95.68644370909998, 16.511689379754287], [-95.72114811895128, 16.45807262095966], [-95.75684118015157, 16.407003369801306], [-95.80862707899576, 16.4171805201789], [-95.8257697093558, 16.42623308955564], [-95.84486684986355, 16.438795520278116], [-95.84781092043598, 16.44409074043969], [-95.8512977990472, 16.444865420765904], [-95.85289357881165, 16.443058400988033], [-95.85508384932453, 16.44425811058363], [-95.85579983031377, 16.447915200545374], [-95.85993793979414, 16.450194250336033], [-95.86335704919726, 16.44866879992669], [-95.8667671201357, 16.438588680335844], [-95.87093962888657, 16.43461519957006], [-95.87808356877377, 16.433561059529023], [-95.88181978003078, 16.435891721278267], [-95.88581374922543, 16.433234860509295], [-95.96375161874842, 16.473507149845563], [-95.97778237884577, 16.45977192010078], [-95.97987633938152, 16.447700780118804], [-95.98810905971435, 16.439839150083877], [-95.98777377997847, 16.438191739652044], [-95.99160624929374, 16.43862318105094], [-95.99418989026609, 16.44334229100749], [-96.00000002018169, 16.446786349847745], [-96.01400611865299, 16.440586151265673], [-96.01563674910103, 16.436282321189402], [-96.00468172034707, 16.428026660741747], [-95.99689913882663, 16.425363199814374], [-95.99411810875318, 16.423164860631662], [-95.99240001890249, 16.417928291243886], [-95.98293837915803, 16.418559860685], [-95.98479548042503, 16.410653979647034], [-95.97698667939402, 16.40033003064116], [-95.97707909023978, 16.3936176803763], [-95.9700941196284, 16.389950829579067], [-95.9677430804767, 16.39064421961562], [-95.96578970948629, 16.394740179832777], [-95.96177677950207, 16.393472170740242], [-95.95998483046021, 16.379065340086036], [-95.95658057952352, 16.378213680555834], [-95.95006065927583, 16.382498451120522], [-95.94423722037189, 16.380086940311028], [-95.94786487972318, 16.386648480625606], [-95.9115036789429, 16.41361297079077], [-95.90856897895543, 16.408922370906723], [-95.90632634007427, 16.411448740063566], [-95.9027479397879, 16.41031485066079], [-95.90205728004479, 16.408458820835992], [-95.90399945038536, 16.40560408009281], [-95.90025597033969, 16.404580489974855], [-95.89689557983777, 16.408294250117436], [-95.89594511884864, 16.407172510683477], [-95.89438151990304, 16.408687380453113], [-95.89269288028687, 16.405284860844386], [-95.88975968006673, 16.407733880024104], [-95.88678225860936, 16.40738426117733], [-95.88532110901619, 16.410260050848972], [-95.88274388903142, 16.40831993967035], [-95.88505139901982, 16.4069608611203], [-95.88476564890615, 16.405455060006332], [-95.87903860000955, 16.404971279927558], [-95.87998508948509, 16.39942435090204], [-95.87602306012994, 16.39989406004537], [-95.87512892000055, 16.397308681343098], [-95.87077476913042, 16.398427830132164], [-95.86970661972967, 16.396766850342665], [-95.86109718039108, 16.398954850948826], [-95.86089925949939, 16.394709569841783], [-95.8549321198419, 16.392934259908472], [-95.85599039967708, 16.390162950362345], [-95.8531531190622, 16.38893638048252], [-95.85163131988584, 16.384395169857154], [-95.89844746022094, 16.282999280124418], [-95.90504961975894, 16.28013112084716], [-95.91265722860032, 16.279703631153104], [-95.92843759888873, 16.304626679856987], [-95.92706424964742, 16.308780479816548], [-95.92850851880853, 16.314543659750726], [-95.93324685887245, 16.316312520649987], [-95.94549989024956, 16.32840235132469], [-95.93998292031404, 16.34178082081152], [-95.93153337980586, 16.3494653103996], [-95.92588961963077, 16.36529460007661], [-95.93152996893403, 16.365725020340715], [-95.93291801983551, 16.361215220195913], [-95.94319888010057, 16.355888581151724], [-95.95355017981097, 16.35477200101114], [-95.95410088979877, 16.356624350838278], [-95.9573418592956, 16.356904400183378], [-95.95873181907405, 16.354034489974957], [-95.96121244871662, 16.354918540881286], [-95.96436265925962, 16.35221843118639], [-95.96398994951053, 16.350660629923983], [-95.96642927965075, 16.350261580780383], [-95.96708242936906, 16.348122510635637], [-95.97492944954774, 16.343473921334667], [-95.98000121882846, 16.335257850512086], [-95.96063892004976, 16.313088749842322], [-95.98338766011926, 16.293403079883056], [-95.98883305994273, 16.29427525983654], [-95.99752753961667, 16.271991920822266], [-96.00092811967268, 16.27237929043117], [-96.00204177927985, 16.26817323057654], [-96.00596384861711, 16.26399722994142], [-96.00254757987932, 16.25876568992923], [-96.00952254925544, 16.2591965407893], [-96.01510845876729, 16.262911059886278], [-96.0179526494829, 16.262952850604307], [-96.02266184927007, 16.25888826034756], [-96.023962229958, 16.253994309932526], [-96.02990361883901, 16.25696515085556], [-96.02997408922035, 16.26013812023091], [-96.03285296963797, 16.264375179664068], [-96.03367352001662, 16.2739465705494], [-96.02354565909587, 16.27422995090336], [-96.0229418191942, 16.276798079621518], [-96.00654248984824, 16.280882510384664], [-95.99999996860493, 16.289432250503946], [-95.99473562906763, 16.301547951034063], [-95.99468013967599, 16.30345598110488], [-95.99710430996305, 16.304006379970666], [-95.99818561857013, 16.308665421123766], [-96.00272657953143, 16.311538599740064], [-96.002674399967, 16.323310089717125], [-95.99851779897017, 16.3224457511387], [-95.99783661972828, 16.32553943062928], [-95.99469468010668, 16.327313229661716], [-95.9934587701181, 16.33011943113243], [-95.99062407858418, 16.32875966087261], [-95.98854828871691, 16.331473459541794], [-95.9865315802559, 16.331474660798467], [-95.99140159898917, 16.336532689849463], [-95.99953722911881, 16.339349110281802], [-95.99764804895703, 16.345088879513373], [-95.99249876970336, 16.34481717053694], [-95.98708607916969, 16.353777979815142], [-95.99346391911355, 16.357201519992696], [-95.99912954995871, 16.364439821170663], [-95.99435604970964, 16.37018932095971], [-96.01047684935375, 16.375814850556505], [-96.04230391016326, 16.391606580078665], [-96.05985491933362, 16.3683144506619], [-96.06307764892847, 16.369818920057043], [-96.06442070953928, 16.368473969711484], [-96.06825334886719, 16.369046089668988], [-96.07119097924391, 16.36580649063127], [-96.07913948033608, 16.366377520096687], [-96.08758984943555, 16.356135460199795], [-96.08977152022021, 16.350518569876474], [-96.09354534940614, 16.350221739576714], [-96.09922448007268, 16.34194248025918], [-96.0890075203292, 16.30114468971177], [-96.09346036962721, 16.288087521009427], [-96.1127581187471, 16.270917680550305], [-96.11795455026437, 16.24733742031864], [-96.1147377089841, 16.250523601148753], [-96.11336162868812, 16.248551549700746], [-96.11414279881247, 16.244933830238736], [-96.11243967977647, 16.233663380173514], [-96.11428028990893, 16.22857406070008], [-96.10957114952862, 16.2246568313196], [-96.10986382879825, 16.222731850656366], [-96.10430897920885, 16.224999581034204], [-96.09979263036281, 16.221942771197174], [-96.09336844870295, 16.22151014973814], [-96.09218601989149, 16.223464480580958], [-96.08938636939206, 16.223024280950302], [-96.08534995020166, 16.22794211062073], [-96.08532953967993, 16.23185880067471], [-96.07984520015029, 16.23346031084312], [-96.07560942999396, 16.23775874128061], [-96.07215779966101, 16.235718780548194], [-96.06892725010762, 16.24040398042567], [-96.06540451977976, 16.24060894987947], [-96.0644315692448, 16.238019080290034], [-96.05633277014847, 16.238767719737893], [-96.04367742019473, 16.235252250910822], [-96.04095078010968, 16.23129597088542], [-96.03522462023973, 16.229976020419247], [-96.03166720026472, 16.226008001211415], [-96.02971922885403, 16.226211200285512], [-96.02075830903422, 16.216856830513667], [-96.01790914935407, 16.21927495007938], [-96.01877864958794, 16.212510260703443], [-96.01407353902393, 16.209709620054248], [-96.00438030874282, 16.207254650036976], [-96.00103434905735, 16.202445371312123], [-95.99690450978791, 16.203291380856548], [-95.99580151907585, 16.205098830098695], [-95.99227008990235, 16.202217750013116], [-95.99026960008602, 16.202558679616203], [-95.98958548983205, 16.20036498100219], [-95.99280088877008, 16.19940400087609], [-95.9892852290931, 16.19628368996503], [-95.98627847986452, 16.19719791075374], [-95.98524831893505, 16.199830859608575], [-95.98216521868531, 16.199414769758153], [-95.97969966041379, 16.2030596297202], [-95.97744347992543, 16.20263994082181], [-95.9768000004189, 16.200148889867815], [-95.97324847896141, 16.198972431146515], [-95.97055339983811, 16.200146919576795], [-95.96480225872862, 16.196849541246717], [-95.96149068864786, 16.199499080871337], [-95.9547908300584, 16.19981440119046], [-95.95432054899679, 16.204796319915793], [-95.95147461949783, 16.20357082132793], [-95.94737601997092, 16.20427960023325], [-95.94576754890416, 16.206498079526842], [-95.94138610860881, 16.20778992105298], [-95.93949694911414, 16.210806550468142], [-95.9354001798787, 16.211527141005284], [-95.93534122941671, 16.219111311211655], [-95.93968633933619, 16.224478739897613], [-95.93510575004855, 16.230760511096747], [-95.92374385957173, 16.236413141301703], [-95.91387577012091, 16.233405490875924], [-95.9085177799815, 16.233678770335608], [-95.90495121931173, 16.231262890144308], [-95.90502010876003, 16.23430329074696], [-95.90374124938553, 16.234594981247845], [-95.9003635793158, 16.232335741279194], [-95.89525505886517, 16.233209151281514], [-95.89280900007806, 16.228097880233637], [-95.88678422961404, 16.22756555049985], [-95.8823322490239, 16.218080911054464], [-95.87814033949958, 16.219625659656685], [-95.8768669686965, 16.21450048043894], [-95.86878111891538, 16.21816567997415], [-95.86755347863237, 16.215325149819353], [-95.86328211033806, 16.212526509710937], [-95.86049664913179, 16.215807181246117], [-95.85457545937321, 16.212514510905656], [-95.85262467884681, 16.209412880292795], [-95.84878465009973, 16.21184182008618], [-95.84887057891692, 16.21489343036591], [-95.84763663009619, 16.21522285994276], [-95.8458921689596, 16.209883999920397], [-95.84726644980239, 16.206869510769014], [-95.84373121924959, 16.20877714074164], [-95.8426730896876, 16.20785494992726], [-95.84371430885214, 16.204859510960294], [-95.84982127972172, 16.204132880836106], [-95.81005916921653, 16.183482340843536], [-95.83682505950156, 16.176966580570518], [-95.84205551951786, 16.1664880595541], [-95.8412618899835, 16.164559860079798], [-95.85114329038112, 16.162886260518356], [-95.85080494006316, 16.15975091997729], [-95.85212294032992, 16.15918264988515], [-95.85567345952408, 16.160962000878705], [-95.85708385872674, 16.158032510539314], [-95.85657104898384, 16.154021549626727], [-95.85839194970202, 16.15122465993637], [-95.86210305969364, 16.150151030130818], [-95.8648157795601, 16.15422945106995], [-95.86701781950774, 16.154852741214484], [-95.87089974902293, 16.15238334043488], [-95.87290813921948, 16.152930121117997], [-95.87494930949872, 16.150735459925215], [-95.87717405910794, 16.153898521133208], [-95.87889468870473, 16.15274645003377], [-95.87856865916528, 16.150894310142213], [-95.88089147958102, 16.151501349883354], [-95.88402536924359, 16.148751950261012], [-95.88548667981108, 16.15177537989419], [-95.88920581998532, 16.15153325035332], [-95.88847002972715, 16.14685383016202], [-95.89167567882359, 16.147031950848312], [-95.8942086890365, 16.144574091062502], [-95.89606884942438, 16.146008201270643], [-95.89926967942147, 16.141697601176777], [-95.90133810929846, 16.141487579703277], [-95.91085433871471, 16.125071450929482], [-95.92253953995511, 16.12070400017801], [-95.92681062009845, 16.121977420850776], [-95.93216394865485, 16.120723799990824], [-95.9349918791658, 16.12227917960678], [-95.92465262922855, 16.138685319962157], [-95.92525499957021, 16.14118908958152], [-95.92970131956207, 16.141792921253916], [-95.93281956918148, 16.145059341300858], [-95.9441090602594, 16.145839859583944], [-95.94817162996684, 16.149304819841745], [-95.95857197044914, 16.15336041996611], [-95.95746764867394, 16.147784511004108], [-95.95926543029385, 16.140325540370696], [-95.95183271936156, 16.1330907400704], [-95.9554105400321, 16.132566480099335], [-95.96256228039857, 16.135665080390297], [-95.96365208997445, 16.133461370658022], [-95.95736222925687, 16.12730006043937], [-95.94659408017077, 16.12612002021171], [-95.95077401987997, 16.116569150545004], [-95.94234464885042, 16.111382379841984], [-95.94637528944553, 16.097586970041522], [-95.94132002934532, 16.094881521065055], [-95.92938381879532, 16.105166080679904], [-95.92587879944587, 16.090349940630247], [-95.9156241204595, 16.09500876958916], [-95.91182471954876, 16.091397340329607], [-95.90592370998445, 16.091616490353847], [-95.90105848014193, 16.087322680492477], [-95.89744153960572, 16.091054711331058], [-95.89932697027325, 16.095879061130244], [-95.8977378296895, 16.10070846032759], [-95.8996389794798, 16.104297849949365], [-95.8995631402923, 16.11507846109072], [-95.90239457941361, 16.120675720698483], [-95.89685801895946, 16.12413128043016], [-95.89003887931625, 16.124154709746108], [-95.88424674975144, 16.127006680981943], [-95.8736924893854, 16.127308320482207], [-95.87585907970195, 16.116265819752478], [-95.8658886303229, 16.076386049864027], [-95.82693211979087, 16.005202370399722], [-95.8524010892623, 15.958476250117952], [-95.87838013888837, 15.957147371190079], [-95.90983101910231, 15.967947630774583], [-95.92467032005595, 15.963263460362239], [-95.96724116998155, 15.937496230443404], [-95.99423017875986, 15.954176650360122], [-95.98776890944318, 15.954146680895354], [-95.99793544907304, 15.965781200186534], [-96.00185461955547, 16.0255688598828], [-96.01006234956894, 16.003542150620014], [-96.03398326028024, 16.00483052089827], [-96.05128293949299, 15.994002120640019], [-96.05278963040337, 16.000471820448563], [-96.05642874970559, 16.005486940780372], [-96.05516434940289, 16.01430380126935], [-96.06049605897023, 16.027345519610414], [-96.061426139301, 16.038152020563178], [-96.04558576916232, 16.036832350981484], [-96.03829663002192, 16.039885819977144], [-96.0313607793827, 16.047389151110032], [-96.01394263027443, 16.04297526070982], [-95.9959202497047, 16.033408170349787], [-96.02413682992085, 16.06513221986246], [-96.0203742001181, 16.07604459997629], [-96.0391361802877, 16.08768373981502], [-96.05092090969389, 16.09173661986883], [-96.08735265875885, 16.0978689798031], [-96.0878954492219, 16.092537540189824], [-96.09165508983163, 16.094788420271044], [-96.09193271914235, 16.097632120315744], [-96.11143951937542, 16.106922690337804], [-96.11571182015403, 16.112328950421855], [-96.11939985006983, 16.114234599806476], [-96.11353350918446, 16.139311149863317], [-96.10744999996402, 16.146776719861162], [-96.08716762002187, 16.15617514958584], [-96.1026099095471, 16.162550320001706], [-96.13164065027225, 16.20158402091202], [-96.16377779941355, 16.208175660601274], [-96.17815579919207, 16.223385259805255], [-96.17494347884708, 16.228621650779772], [-96.17444982973664, 16.243513420394972], [-96.1843557704085, 16.25855483108183], [-96.20296217020407, 16.267944850787845], [-96.209437150349, 16.273904949929094], [-96.2101424191303, 16.279452490281322], [-96.19230967884776, 16.30099177049494], [-96.19679958014923, 16.31359977125598], [-96.19087748955414, 16.318277321027296], [-96.19577417867289, 16.333712371235258], [-96.19991231933857, 16.33816431110148], [-96.20428188900544, 16.3558473412948], [-96.2277565687457, 16.336047050368446], [-96.23375874972103, 16.33554338022909], [-96.26178105003204, 16.3465324301201], [-96.27836096990612, 16.364270061076255], [-96.28401247941417, 16.367271861056004], [-96.28761504934091, 16.373553691139854], [-96.29279224867766, 16.38960606017536], [-96.29552473987856, 16.391995679813316], [-96.25387904969881, 16.383092481138963], [-96.23979827960655, 16.388633780263287], [-96.19897771989403, 16.387043970896794], [-96.18716331007542, 16.422877050436398], [-96.20318231987127, 16.436077710880273], [-96.22607521907015, 16.464057090946987], [-96.24739110997761, 16.501327339900843], [-96.24695948021353, 16.504648419629238], [-96.2682672495352, 16.527835691304293], [-96.25946365012011, 16.53289214967637], [-96.24319828859596, 16.530413030777222], [-96.24663982014934, 16.535187920551845], [-96.24572342989799, 16.539040379545735], [-96.24954645022031, 16.546842740478517], [-96.25583513940482, 16.55186835109627], [-96.24410322951043, 16.585664280276365], [-96.25504399939769, 16.589654250847204], [-96.26167674024127, 16.595513430498105], [-96.26195421998463, 16.600811580069745], [-96.25680311995836, 16.60148923015673], [-96.2018822793014, 16.621996550821773], [-96.16926440040795, 16.5675072598484], [-96.12642789041973, 16.580621399741563], [-96.06878263016031, 16.63428905997822], [-96.0641099803278, 16.638098600143355], [-96.06074411993072, 16.63720871042103], [-96.0487317991552, 16.62832712050643], [-96.04974546027921, 16.61879962085407], [-96.04478915002403, 16.566543259985764], [-96.06061764949709, 16.523385952047985], [-96.05970124987007, 16.505204001044934], [-96.03508707924567, 16.488808200138592], [-96.03209794944104, 16.493264261574517], [-96.01838131914862, 16.483298889836707], [-96.02784277917212, 16.4713995210614], [-96.01849808959443, 16.462896750003548], [-95.99936347870822, 16.466427051149257], [-95.98680728903041, 16.466947781240496], [-95.9826140596668, 16.46557629056367], [-95.98332242975819, 16.49482395073727], [-95.96427270958458, 16.48460762958782], [-95.94016109013933, 16.481348710023685], [-95.93841091980336, 16.487059230950468], [-95.93361401883836, 16.493370290349574], [-95.93296529011513, 16.491965631287982], [-95.92873617864136, 16.492831911110557], [-95.9265271202917, 16.490988340702597], [-95.92527557990589, 16.48783111102884], [-95.92740016902344, 16.479899281275678], [-95.92394271023625, 16.4749948010796], [-95.92439304933481, 16.47267542975605], [-95.91797842923003, 16.469909460813632], [-95.9167782185916, 16.467385251177003], [-95.91156795013062, 16.466990430572586], [-95.9076559400959, 16.470645459773273], [-95.90015970988713, 16.47388415105349], [-95.8639350894501, 16.46896361982383], [-95.84475961984462, 16.453354490267174], [-95.85926993986365, 16.518633490332878], [-95.8505280497897, 16.528924650033563], [-95.83820351988442, 16.53516528997384], [-95.83840131881826, 16.543912941209385], [-95.80302371001129, 16.572894549780923], [-95.80502959902591, 16.577943659835583], [-95.80373439906596, 16.58260769057123], [-95.80815496955003, 16.592185319640176], [-95.81705013887478, 16.59831998019921], [-95.82097759969805, 16.619148179997502], [-95.88076065020296, 16.660811600038443], [-95.8898796596393, 16.670202490148196], [-95.91474978015599, 16.684619911217347], [-95.91894351024706, 16.69356128007787], [-95.923842939696, 16.6942931803157], [-95.91807881862283, 16.704294180350754], [-95.91405845953676, 16.725091820090505], [-95.91613411908021, 16.732951120422047], [-95.90964849040991, 16.747272089906993], [-95.90746454952428, 16.737618951145766], [-95.89646532033865, 16.743119820744678], [-95.8892546497669, 16.742585891336255], [-95.88214582934611, 16.74908951070454], [-95.87737091038947, 16.747765220269557], [-95.88153983028634, 16.76463951028086], [-95.85867074011254, 16.778823459591656], [-95.85631013923366, 16.777509800301456], [-95.8451121785969, 16.779276310837023], [-95.84283388033793, 16.777632680398415], [-95.83732753948392, 16.79973138027927], [-95.80949737896307, 16.831742110467065], [-95.79294878002236, 16.855216029906007], [-95.7776433500615, 16.886369510065666], [-95.71701249021126, 16.889607740824754], [-95.69442075029758, 16.872913801241683], [-95.65841629038476, 16.907630799581185], [-95.61360690958243, 16.888701170884918]]]}}, {"type": "Feature", "properties": {"cve_mun": "20126", "municipio": "San Crist\u00f3bal Amatl\u00e1n", "region": "valles_centrales", "area_km2": 137.42, "agave_2015_ha": 0.0, "agave_2016_ha": 0.0, "agave_2017_ha": 0.0, "agave_2018_ha": 0.0, "agave_2019_ha": 0.0, "agave_2020_ha": 0.0, "agave_2021_ha": 0.0, "agave_2022_ha": 0.0, "agave_2023_ha": 0.0, "agave_2024_ha": 0.0, "agave_2025_ha": 0.0, "distrito_v11": "miahuatlan"}, "geometry": {"type": "Polygon", "coordinates": [[[-96.4156424602915, 16.384240660367137], [-96.41130351958016, 16.376915060027255], [-96.4158039098485, 16.367197509803688], [-96.40052205953656, 16.35240252081958], [-96.39114257001081, 16.350948781049155], [-96.38595095022902, 16.338879150485937], [-96.38055892021488, 16.336624110696462], [-96.37993904995467, 16.334271660045047], [-96.37562673959775, 16.33160796961173], [-96.37014330867211, 16.332850910730308], [-96.35257359992063, 16.329597819613543], [-96.33641467875017, 16.34536157111243], [-96.3387043488963, 16.347870340952777], [-96.33216351029543, 16.34961931021174], [-96.3256111187313, 16.348750539768307], [-96.30624959894739, 16.353997950105974], [-96.30693294920007, 16.344173119921166], [-96.30894262882109, 16.343907000857016], [-96.30754245946538, 16.342766381116043], [-96.30927071935116, 16.340581450826246], [-96.30858811901378, 16.33831377072731], [-96.31102271905758, 16.33750491052773], [-96.30913352015051, 16.329759620546383], [-96.31003342991113, 16.32724352058116], [-96.30794831983118, 16.327379249851493], [-96.30620671992874, 16.322007740631616], [-96.31115205949096, 16.320801940624655], [-96.32563122003207, 16.298820421247118], [-96.32719893925267, 16.300271050175784], [-96.33076905975103, 16.295527021200826], [-96.33343424929149, 16.289780460091983], [-96.33982510985098, 16.289723140909725], [-96.34153337867215, 16.28565854061046], [-96.34534294872522, 16.283967629509565], [-96.3472419803054, 16.279764290531336], [-96.34820068887173, 16.273471169831513], [-96.34703911009282, 16.269634060824295], [-96.34910646017762, 16.265740680988923], [-96.34724208972139, 16.260410150870296], [-96.34880749004026, 16.255637921134717], [-96.34404738014841, 16.226949821341485], [-96.35721445995293, 16.212996650061548], [-96.37941031895478, 16.21685295054307], [-96.38600399887083, 16.2298333506538], [-96.38387068031442, 16.23298590979109], [-96.38349177996209, 16.238225200224647], [-96.38961132032834, 16.248095321264238], [-96.38881717006502, 16.26745902969492], [-96.39677058001355, 16.264487320980273], [-96.40450761885836, 16.273078029596654], [-96.42220599941388, 16.282661021016672], [-96.42860425991658, 16.289504740219765], [-96.43319551895124, 16.301200379819356], [-96.43233528878564, 16.302313579750113], [-96.43471755027267, 16.302103830853895], [-96.43333981984222, 16.306789420412088], [-96.43611468991048, 16.31001365073233], [-96.43396734923505, 16.31527717034414], [-96.43708384983253, 16.31862748009931], [-96.43167641977607, 16.334633430896144], [-96.42984727943902, 16.349432060735865], [-96.45406332015735, 16.34683768013155], [-96.45802946003187, 16.37587552091603], [-96.4566129094224, 16.37955168084783], [-96.45378293892406, 16.3792964495637], [-96.43741564968609, 16.391927291083213], [-96.4156424602915, 16.384240660367137]]]}}, {"type": "Feature", "properties": {"cve_mun": "20204", "municipio": "San Juan Lajarcia", "region": "valles_centrales", "area_km2": 106.69, "agave_2015_ha": 0.0, "agave_2016_ha": 0.0, "agave_2017_ha": 0.0, "agave_2018_ha": 0.0, "agave_2019_ha": 0.0, "agave_2020_ha": 0.0, "agave_2021_ha": 0.0, "agave_2022_ha": 0.0, "agave_2023_ha": 0.0, "agave_2024_ha": 0.0, "agave_2025_ha": 0.0, "distrito_v11": "yautepec"}, "geometry": {"type": "Polygon", "coordinates": [[[-95.85926993986365, 16.518633490332878], [-95.84475961984462, 16.453354490267174], [-95.8639350894501, 16.46896361982383], [-95.90015970988713, 16.47388415105349], [-95.9076559400959, 16.470645459773273], [-95.91156795013062, 16.466990430572586], [-95.9167782185916, 16.467385251177003], [-95.91797842923003, 16.469909460813632], [-95.92439304933481, 16.47267542975605], [-95.92394271023625, 16.4749948010796], [-95.92740016902344, 16.479899281275678], [-95.92544719953341, 16.489055090625722], [-95.92873617864136, 16.492831911110557], [-95.93296529011513, 16.491965631287982], [-95.93361401883836, 16.493370290349574], [-95.93841091980336, 16.487059230950468], [-95.94016109013933, 16.481348710023685], [-95.96427270958458, 16.48460762958782], [-95.96971512017097, 16.486774919798695], [-95.98332242975819, 16.49482395073727], [-95.98228351981284, 16.507292200207818], [-95.98484529005978, 16.51692114059908], [-95.99880669016025, 16.531340890452153], [-95.94883732033304, 16.547495229894317], [-95.94157405979036, 16.559787119566213], [-95.91824058021254, 16.562670490257947], [-95.87030531973834, 16.530162119857508], [-95.85926993986365, 16.518633490332878]]]}}, {"type": "Feature", "properties": {"cve_mun": "20145", "municipio": "San Francisco Lachigol\u00f3", "region": "sierra_norte", "area_km2": 11.47, "agave_2015_ha": 0.0, "agave_2016_ha": 0.0, "agave_2017_ha": 0.0, "agave_2018_ha": 0.0, "agave_2019_ha": 0.0, "agave_2020_ha": 0.0, "agave_2021_ha": 0.0, "agave_2022_ha": 0.0, "agave_2023_ha": 0.0, "agave_2024_ha": 0.0, "agave_2025_ha": 0.0, "distrito_v11": "tlacolula"}, "geometry": {"type": "Polygon", "coordinates": [[[-96.58132218143685, 17.017350137160975], [-96.59155681920446, 17.010578520217074], [-96.59499082904478, 17.00645303131376], [-96.61385097930297, 17.011018940627512], [-96.60847645993852, 17.018234459951213], [-96.60706965011002, 17.025841690850147], [-96.61232052041082, 17.02697715077361], [-96.60926787994697, 17.03971170978625], [-96.5982812786891, 17.043184689735586], [-96.5960138197317, 17.04803265086379], [-96.58710935019164, 17.04306146107789], [-96.580855980459, 17.037262739851354], [-96.58051694991549, 17.032626850838046], [-96.57836959987476, 17.02965133967256], [-96.58132218143685, 17.017350137160975]]]}}, {"type": "Feature", "properties": {"cve_mun": "20154", "municipio": "San Ildefonso Amatl\u00e1n", "region": "costa", "area_km2": 61.4, "agave_2015_ha": 0.0, "agave_2016_ha": 0.0, "agave_2017_ha": 0.0, "agave_2018_ha": 0.0, "agave_2019_ha": 0.0, "agave_2020_ha": 0.0, "agave_2021_ha": 0.0, "agave_2022_ha": 0.0, "agave_2023_ha": 0.0, "agave_2024_ha": 0.0, "agave_2025_ha": 0.0, "distrito_v11": "miahuatlan"}, "geometry": {"type": "Polygon", "coordinates": [[[-96.48132322020346, 16.35028391043683], [-96.47744937016552, 16.348180739759858], [-96.47973508020118, 16.344552309584863], [-96.47798821860155, 16.343944571105276], [-96.47944121870721, 16.33941592001236], [-96.47466501872219, 16.338893309930793], [-96.46644108969907, 16.33202374077693], [-96.4657082586927, 16.32832336970652], [-96.45252194970142, 16.312915520026735], [-96.43633521982107, 16.3198332909331], [-96.43673875045043, 16.316802800080545], [-96.43396734923505, 16.31527717034414], [-96.43611468991048, 16.31001365073233], [-96.43333981984222, 16.306789420412088], [-96.43471755027267, 16.302103830853895], [-96.43233528878564, 16.302313579750113], [-96.43319551895124, 16.301200379819356], [-96.42860425991658, 16.289504740219765], [-96.42220599941388, 16.282661021016672], [-96.40450761885836, 16.273078029596654], [-96.39677058001355, 16.264487320980273], [-96.38881717006502, 16.26745902969492], [-96.38973375042913, 16.249112459720966], [-96.39626191005952, 16.255810081208796], [-96.4019985690222, 16.25796375048633], [-96.40691501911326, 16.26285511985113], [-96.41550290966049, 16.24956343049041], [-96.42031645004742, 16.24722871992424], [-96.43255042015913, 16.256773050747807], [-96.44368526004162, 16.2387419809884], [-96.46162513933444, 16.247411479722032], [-96.46434659887946, 16.24102208989733], [-96.46848565938188, 16.250890339612994], [-96.47428265933169, 16.278000310534516], [-96.48613188879698, 16.302467599536488], [-96.49429819840442, 16.316387579457885], [-96.5035280791346, 16.32066452075708], [-96.5050730803044, 16.324601180310058], [-96.5007366895448, 16.328864620969075], [-96.50015571015912, 16.336203649886375], [-96.49799086000499, 16.3380457697364], [-96.49592291976148, 16.345685510389803], [-96.49017548027197, 16.34941726048418], [-96.48503073971888, 16.3503931103424], [-96.48616564990805, 16.34647614015639], [-96.47953305109979, 16.347015729158457], [-96.48132322020346, 16.35028391043683]]]}}, {"type": "Feature", "properties": {"cve_mun": "20146", "municipio": "San Francisco Logueche", "region": "valles_centrales", "area_km2": 41.0, "agave_2015_ha": 0.0, "agave_2016_ha": 0.0, "agave_2017_ha": 0.0, "agave_2018_ha": 0.0, "agave_2019_ha": 0.0, "agave_2020_ha": 0.0, "agave_2021_ha": 0.0, "agave_2022_ha": 0.0, "agave_2023_ha": 0.0, "agave_2024_ha": 0.0, "agave_2025_ha": 0.0, "distrito_v11": "miahuatlan"}, "geometry": {"type": "Polygon", "coordinates": [[[-96.37331454978874, 16.418543340139713], [-96.3712460596063, 16.41410428003655], [-96.36942516960232, 16.413615569970283], [-96.36845428961277, 16.40980088994934], [-96.36560416984928, 16.409315399960803], [-96.36623637013514, 16.401838860186565], [-96.35483442958878, 16.39199317959784], [-96.35631259951705, 16.372307821007002], [-96.36000403015566, 16.37042432037009], [-96.35772761961603, 16.366790340017833], [-96.35879236995042, 16.362551059968432], [-96.3619703495259, 16.359490110353956], [-96.35823525032232, 16.353416169621703], [-96.35671207966544, 16.346864290107067], [-96.35286742993172, 16.34183735034802], [-96.35257359992063, 16.329597819613543], [-96.37014330867211, 16.332850910730308], [-96.37562673959775, 16.33160796961173], [-96.37993904995467, 16.334271660045047], [-96.38055892021488, 16.336624110696462], [-96.38595095022902, 16.338879150485937], [-96.39114257001081, 16.350948781049155], [-96.40052205953656, 16.35240252081958], [-96.4158039098485, 16.367197509803688], [-96.41130351958016, 16.376915060027255], [-96.38545952018077, 16.41927923014121], [-96.37331454978874, 16.418543340139713]]]}}, {"type": "Feature", "properties": {"cve_mun": "20148", "municipio": "San Francisco Ozolotepec", "region": "costa", "area_km2": 49.75, "agave_2015_ha": 0.0, "agave_2016_ha": 0.0, "agave_2017_ha": 0.0, "agave_2018_ha": 0.0, "agave_2019_ha": 0.0, "agave_2020_ha": 0.0, "agave_2021_ha": 0.0, "agave_2022_ha": 0.0, "agave_2023_ha": 0.0, "agave_2024_ha": 0.0, "agave_2025_ha": 0.0, "distrito_v11": "miahuatlan"}, "geometry": {"type": "Polygon", "coordinates": [[[-96.20188646018148, 16.124851520431072], [-96.19712122964928, 16.116143030234895], [-96.1816633799588, 16.113437689786668], [-96.17873008037179, 16.111091679733782], [-96.17454734002551, 16.112519690127193], [-96.16216386044444, 16.105248509651048], [-96.16021593982121, 16.101457569999166], [-96.1646557699861, 16.100310309747492], [-96.16298076977044, 16.097244650035105], [-96.16507661978827, 16.094732850222364], [-96.16490084952744, 16.090967950256235], [-96.16251927981654, 16.092079600385144], [-96.16389931968416, 16.089113919662175], [-96.16292793956238, 16.08743411011484], [-96.16514450996812, 16.086317150060527], [-96.1651067497102, 16.084138280135644], [-96.16274998018922, 16.08246345972783], [-96.1672820797247, 16.082374319697617], [-96.16656501958447, 16.080536549925885], [-96.16871605006764, 16.080686859804832], [-96.16957117965174, 16.077820600192087], [-96.17299256969046, 16.078064400398276], [-96.17551205012593, 16.075642109584624], [-96.1717318900559, 16.070836089846836], [-96.17559902034074, 16.070675289631183], [-96.17939766030473, 16.0663427798386], [-96.17871672043175, 16.058994830041186], [-96.17651891972164, 16.05640004971564], [-96.17916513968237, 16.05446634993394], [-96.19159245036803, 16.054872029765544], [-96.19758067968255, 16.0520920501631], [-96.20830296976519, 16.050560260051224], [-96.2164615498253, 16.053318859622994], [-96.23020485010198, 16.06340633960262], [-96.22218276979875, 16.07503548004129], [-96.22229727971322, 16.077162769890162], [-96.21148657977052, 16.083784739871728], [-96.2063766298577, 16.081944979891187], [-96.20659485966237, 16.08312728963432], [-96.20969025995039, 16.086340680269224], [-96.21501646038942, 16.08413803123154], [-96.21812291966846, 16.08695906043797], [-96.22154193861046, 16.086060350173803], [-96.22140931029672, 16.08869946046682], [-96.22654462904163, 16.09319437961902], [-96.22767677898396, 16.09612673968121], [-96.23272281958967, 16.09869394986273], [-96.2380241804019, 16.10649527996603], [-96.24027280036121, 16.114470620085214], [-96.24318597001053, 16.11698951983779], [-96.22463010980314, 16.129834060252627], [-96.20808214000012, 16.14580267974498], [-96.2006043101282, 16.12624089012197], [-96.20188646018148, 16.124851520431072]]]}}, {"type": "Feature", "properties": {"cve_mun": "20159", "municipio": "San Jer\u00f3nimo Coatl\u00e1n", "region": "costa", "area_km2": 586.75, "agave_2015_ha": 0.0, "agave_2016_ha": 0.0, "agave_2017_ha": 0.0, "agave_2018_ha": 0.0, "agave_2019_ha": 0.0, "agave_2020_ha": 0.0, "agave_2021_ha": 0.0, "agave_2022_ha": 0.0, "agave_2023_ha": 0.0, "agave_2024_ha": 0.0, "agave_2025_ha": 0.0, "distrito_v11": "miahuatlan"}, "geometry": {"type": "Polygon", "coordinates": [[[-97.06044257945189, 16.362628450775667], [-97.0578413198158, 16.358549231028952], [-97.05471584926639, 16.360472581175674], [-97.05526302871624, 16.356659770084043], [-97.05341771891887, 16.35358808103078], [-97.04876237027132, 16.352602910419005], [-97.04799264993058, 16.355145520397336], [-97.04673961965759, 16.35484740048418], [-97.04759624923052, 16.347566431318462], [-97.03831411975024, 16.34916498054422], [-97.0316444797792, 16.353947889888918], [-97.02618571963215, 16.352879110233264], [-97.02476322024293, 16.34984269042541], [-97.02028534888079, 16.349982981271282], [-97.01847351965196, 16.348215340589935], [-97.02016328935107, 16.343744480692617], [-97.01331262005202, 16.336969151041842], [-97.01265108933637, 16.33407706031666], [-97.00509878035747, 16.3375003112589], [-97.00282630988461, 16.33540649062372], [-96.99915084967175, 16.3350997999756], [-96.9976825090547, 16.328240750544392], [-96.99519639928648, 16.3237200008344], [-96.99237894956765, 16.32210729016077], [-96.98721454960894, 16.325481290335574], [-96.98498267998126, 16.325257049924787], [-96.98343017893585, 16.32058872037373], [-96.97924694943217, 16.32073783008743], [-96.97323191949238, 16.317907481200464], [-96.96740438002506, 16.321426030637046], [-96.95821497882815, 16.32302640058212], [-96.95002730883337, 16.322255350718553], [-96.94774373890354, 16.324214371239542], [-96.94586277026241, 16.322157319674037], [-96.94142077907738, 16.321749140830022], [-96.93731223040542, 16.326264820647456], [-96.93426185011774, 16.320956370910356], [-96.93877081926755, 16.319415120691403], [-96.9399002501311, 16.316547679953967], [-96.9307498497278, 16.314662721168034], [-96.92751661995736, 16.31228275059699], [-96.92630699879264, 16.312801740296457], [-96.9249916600012, 16.32059889045042], [-96.91429731969389, 16.326415230954915], [-96.9172001801337, 16.3212254613455], [-96.90862217040008, 16.314950780893557], [-96.90969065948423, 16.303156510609966], [-96.89987451935608, 16.301374150814585], [-96.89432299886664, 16.292426540232015], [-96.88374070925659, 16.293084551299938], [-96.88598048939461, 16.28645155125645], [-96.88069057915637, 16.287168051236517], [-96.8770312199957, 16.285576080174017], [-96.87907445895867, 16.278963420482526], [-96.87767047965852, 16.275988890355446], [-96.87528936959283, 16.277287919563847], [-96.87458508894241, 16.282938750176164], [-96.87235602942991, 16.285762149888473], [-96.86655428044203, 16.285592880221245], [-96.86829658021503, 16.290707829646077], [-96.86543573999667, 16.292973079897887], [-96.86644579955744, 16.29431953958203], [-96.86495791980974, 16.29557575054805], [-96.86410902880074, 16.293386480695244], [-96.8623194001744, 16.293090111063954], [-96.86070881988917, 16.29952888078833], [-96.85861261933081, 16.299429399656038], [-96.85956862858775, 16.297696691180867], [-96.85769108035954, 16.29563340057659], [-96.85515402891768, 16.296729980133158], [-96.85534831950751, 16.291582520016597], [-96.85321605005826, 16.292301680575463], [-96.84972160016201, 16.289546689577296], [-96.84767051866058, 16.29412468095773], [-96.8447069487277, 16.295396769791186], [-96.8465912587645, 16.293197540927093], [-96.84444458035473, 16.29039805023975], [-96.83977862035837, 16.29615712122534], [-96.8406910803421, 16.29169822037306], [-96.8381844502356, 16.287470200425894], [-96.83471810986933, 16.289017430234956], [-96.83682988984938, 16.26637014014076], [-96.85042626028267, 16.24607945968339], [-96.84999566016278, 16.23111021973199], [-96.85867105026011, 16.216577430195013], [-96.85778334992936, 16.215028060431457], [-96.86360062027994, 16.212369629821293], [-96.86234252003075, 16.211689719988176], [-96.86455848040774, 16.20515753992645], [-96.86255659984354, 16.19061814023122], [-96.8641983695225, 16.184544890396253], [-96.89324378039787, 16.136813379816243], [-96.90040895044557, 16.11898498040008], [-96.9089952597907, 16.104789849607837], [-96.90981957008415, 16.094104140453055], [-96.92839368989124, 16.076729119988414], [-96.94267226031441, 16.056326399686807], [-96.9495025997028, 16.040662979626028], [-96.9561606898916, 16.03229033972809], [-96.95388650970338, 16.02043755034971], [-97.00330391999827, 16.035896939708213], [-97.0140841400782, 16.043976030414107], [-97.0144730003482, 16.04830391026252], [-97.02306579993595, 16.04389912000359], [-97.02371276983332, 16.046801629600026], [-97.02064437023625, 16.050195749806228], [-97.0231857501658, 16.055608720108776], [-97.01836437980671, 16.063107620375487], [-97.02007262028813, 16.06521977033998], [-97.02460062989225, 16.063329030003892], [-97.03109297992607, 16.065092140209956], [-97.03086217035613, 16.06787421989766], [-97.02661637990116, 16.068863400184142], [-97.02430965976131, 16.072412449621872], [-97.02127411994161, 16.073761920442987], [-97.03039501953643, 16.085936620381478], [-97.03395920034222, 16.118431000025776], [-97.065024140119, 16.13981476970527], [-97.0562814503522, 16.136386119584166], [-97.06464463022051, 16.201975949709308], [-97.06051404956423, 16.20674974988668], [-97.05889281987365, 16.208364999809437], [-97.05712920014386, 16.2071851695711], [-97.05469570976042, 16.20867078005136], [-97.05342390974045, 16.207147849652785], [-97.04038737003286, 16.211213739677266], [-97.03656840019427, 16.209945150112056], [-97.03263870974041, 16.21180397025921], [-97.02999128044023, 16.210516970413455], [-97.02865450972426, 16.212570109993308], [-97.02714892044428, 16.20999963042276], [-97.02906492039892, 16.20682184970655], [-97.0282959698901, 16.200229460298495], [-97.03287463029785, 16.197591289892145], [-97.03216808998869, 16.195392030344028], [-97.03422041955497, 16.193640679866856], [-97.02952376977522, 16.188562149875676], [-97.0216110502856, 16.193362619747088], [-97.01867651034992, 16.192043280258126], [-97.01840766036158, 16.187908019753372], [-97.01590864970746, 16.188534999985517], [-97.01484162022346, 16.190938119829053], [-97.0215388601728, 16.20101882981379], [-97.01883267969886, 16.206907170127597], [-97.0190265700229, 16.216119199915706], [-97.02707591027892, 16.232366169808316], [-97.03763806034472, 16.23604234000282], [-97.04290041987761, 16.235591679678887], [-97.05127279952617, 16.24482442025733], [-97.06201851996701, 16.24531472032731], [-97.06462571013722, 16.250235179661463], [-97.06963276971136, 16.2528970802432], [-97.07192662993124, 16.259507400324104], [-97.07580254020343, 16.262795679798465], [-97.07487636955995, 16.26565711010815], [-97.07764887981784, 16.271201139944576], [-97.08777724995683, 16.26724794958392], [-97.08556253963587, 16.26973354009575], [-97.08680234987995, 16.270659919550916], [-97.08429663032818, 16.270719800182448], [-97.083375829823, 16.276062879782216], [-97.08102366025452, 16.276532770170753], [-97.08492068045273, 16.279616710309522], [-97.08695051009742, 16.278879380402394], [-97.08709021967849, 16.27659199969446], [-97.08869850966957, 16.277668480382076], [-97.08729410956228, 16.28425570984031], [-97.08530267969677, 16.285056569559753], [-97.08841067982281, 16.28719263039579], [-97.08681161984352, 16.290099150026993], [-97.08858005046656, 16.290456279978034], [-97.08962895008946, 16.288764720245354], [-97.09038890954454, 16.290509920431678], [-97.08469495014438, 16.296334940196083], [-97.08325060029453, 16.293248110330957], [-97.0817198000851, 16.293822260329165], [-97.08112409006469, 16.2972232002631], [-97.08501096954038, 16.30042403041597], [-97.08205995029465, 16.3044660301595], [-97.0822291203189, 16.30682505956078], [-97.08000191013606, 16.307883820361106], [-97.08251942009454, 16.309574320084415], [-97.07326245033943, 16.312493479860912], [-97.0724778801633, 16.316432109708252], [-97.07015627973655, 16.31863486020456], [-97.07270888999699, 16.321689920311186], [-97.07203642041534, 16.328011049716512], [-97.07521247978113, 16.33230553976452], [-97.07319205966196, 16.33879463013181], [-97.07773147970222, 16.353063619597496], [-97.07442322030664, 16.356824169570086], [-97.07429931044534, 16.359101750117894], [-97.07823849030606, 16.365808660162124], [-97.07271892034272, 16.36259460006444], [-97.06979634912693, 16.366757340617376], [-97.067482348738, 16.36297870997038], [-97.06406830926609, 16.362236520541366], [-97.06232119952479, 16.36302641971823], [-97.06170402017285, 16.36750525993207], [-97.06002948002329, 16.368505110085774], [-97.05802332021058, 16.366392880280927], [-97.06044257945189, 16.362628450775667]]]}}, {"type": "Feature", "properties": {"cve_mun": "20167", "municipio": "San Jos\u00e9 del Pe\u00f1asco", "region": "costa", "area_km2": 28.64, "agave_2015_ha": 0.0, "agave_2016_ha": 0.0, "agave_2017_ha": 0.0, "agave_2018_ha": 0.0, "agave_2019_ha": 0.0, "agave_2020_ha": 0.0, "agave_2021_ha": 0.0, "agave_2022_ha": 0.0, "agave_2023_ha": 0.0, "agave_2024_ha": 0.0, "agave_2025_ha": 0.0, "distrito_v11": "miahuatlan"}, "geometry": {"type": "Polygon", "coordinates": [[[-96.50352831997665, 16.320665137770014], [-96.4942981983686, 16.316387580358757], [-96.47428265933169, 16.278000310534516], [-96.46848565938188, 16.250890339612994], [-96.46435416869349, 16.241065710037248], [-96.46581686026387, 16.2383775701526], [-96.47690851955556, 16.231749769750255], [-96.47827361892058, 16.235428650647563], [-96.48348988038022, 16.240149581348028], [-96.48830797031414, 16.25089092038453], [-96.50868144998661, 16.27192175011563], [-96.5092005192608, 16.2924254005705], [-96.51582741912554, 16.297873510527015], [-96.5296857200058, 16.300658089750417], [-96.53056680006144, 16.30550297965874], [-96.52842391961366, 16.31004778039686], [-96.52921595012884, 16.313143980296022], [-96.52049325956304, 16.3116673999844], [-96.5193948186205, 16.309417620789855], [-96.51672550928605, 16.31292451079027], [-96.51228360020961, 16.310043480112224], [-96.51098033979633, 16.310491490403354], [-96.51027482940523, 16.317014659548867], [-96.50512365013677, 16.32458552101816], [-96.50352831997665, 16.320665137770014]]]}}, {"type": "Feature", "properties": {"cve_mun": "20170", "municipio": "San Jos\u00e9 Lachiguiri", "region": "valles_centrales", "area_km2": 77.79, "agave_2015_ha": 0.0, "agave_2016_ha": 0.0, "agave_2017_ha": 0.0, "agave_2018_ha": 0.0, "agave_2019_ha": 0.0, "agave_2020_ha": 0.0, "agave_2021_ha": 0.0, "agave_2022_ha": 0.0, "agave_2023_ha": 0.0, "agave_2024_ha": 0.0, "agave_2025_ha": 0.0, "distrito_v11": "miahuatlan"}, "geometry": {"type": "Polygon", "coordinates": [[[-96.31001773963986, 16.44611368995395], [-96.30760122968732, 16.43802106029564], [-96.31011851018233, 16.42954931009849], [-96.30356011960421, 16.421659179719047], [-96.30399643022214, 16.41998495005338], [-96.299548939596, 16.416230050095646], [-96.2990308795748, 16.409707119663167], [-96.29284535002584, 16.400578710282076], [-96.29421445011702, 16.398936319747524], [-96.29276781978669, 16.39541645970502], [-96.29510729044274, 16.394783279701837], [-96.29663207995311, 16.38968212022776], [-96.30042483015235, 16.387338150290816], [-96.30233705971048, 16.379470079980916], [-96.30497028035583, 16.37587362025001], [-96.3039451796471, 16.35972154992131], [-96.30785151038559, 16.353921080725105], [-96.3256111187313, 16.348750539768307], [-96.33216351029543, 16.34961931021174], [-96.3387043488963, 16.347870340952777], [-96.33641467875017, 16.34536157111243], [-96.35257359992063, 16.329597819613543], [-96.35286742993172, 16.34183735034802], [-96.35671207966544, 16.346864290107067], [-96.35823525032232, 16.353416169621703], [-96.3619703495259, 16.359490110353956], [-96.35879236995042, 16.362551059968432], [-96.35772761961603, 16.366790340017833], [-96.36000403015566, 16.37042432037009], [-96.35631259955379, 16.372307820106016], [-96.35483442955201, 16.39199318049884], [-96.36623637013514, 16.401838860186565], [-96.36560416984928, 16.409315399960803], [-96.36845428961277, 16.40980088994934], [-96.3729537701644, 16.418463420444617], [-96.38545952018077, 16.41927923014121], [-96.37616349041203, 16.437183719588194], [-96.3367596600391, 16.45751865967259], [-96.32550157047079, 16.455434549637143], [-96.30741113999565, 16.44789371967928], [-96.31001773963986, 16.44611368995395]]]}}, {"type": "Feature", "properties": {"cve_mun": "20197", "municipio": "San Juan Guelav\u00eda", "region": "valles_centrales", "area_km2": 31.83, "agave_2015_ha": 0.0, "agave_2016_ha": 0.0, "agave_2017_ha": 0.0, "agave_2018_ha": 0.0, "agave_2019_ha": 0.0, "agave_2020_ha": 0.0, "agave_2021_ha": 0.0, "agave_2022_ha": 0.0, "agave_2023_ha": 0.0, "agave_2024_ha": 0.0, "agave_2025_ha": 0.0, "distrito_v11": "tlacolula"}, "geometry": {"type": "Polygon", "coordinates": [[[-96.5420476798989, 16.976376540799368], [-96.51930272030833, 16.970901650171967], [-96.50663496971211, 16.95476787979312], [-96.50911164994112, 16.94496463035752], [-96.50870237000828, 16.92955827997069], [-96.5200919096594, 16.929566710075786], [-96.530944660333, 16.932108980438358], [-96.56233797991477, 16.929816400329777], [-96.56765549046337, 16.933819219817337], [-96.56761131976361, 16.94675232004518], [-96.5710511204561, 16.947654429951566], [-96.56839285918876, 16.962882550272095], [-96.57242155042576, 16.979729680269124], [-96.5608655690913, 16.98731833988383], [-96.55047787993304, 16.976620170019007], [-96.5420476798989, 16.976376540799368]]]}}, {"type": "Feature", "properties": {"cve_mun": "20194", "municipio": "San Juan del R\u00edo", "region": "valles_centrales", "area_km2": 71.51, "agave_2015_ha": 0.0, "agave_2016_ha": 0.0, "agave_2017_ha": 0.0, "agave_2018_ha": 0.0, "agave_2019_ha": 0.0, "agave_2020_ha": 0.0, "agave_2021_ha": 0.0, "agave_2022_ha": 0.0, "agave_2023_ha": 0.0, "agave_2024_ha": 0.0, "agave_2025_ha": 0.0, "distrito_v11": "tlacolula"}, "geometry": {"type": "Polygon", "coordinates": [[[-96.1363339702757, 16.919728709691245], [-96.1246544303434, 16.919228341104528], [-96.1179411104187, 16.915055340168756], [-96.1117070202892, 16.907558739742232], [-96.10440564981762, 16.908222250806055], [-96.0994775101905, 16.902953050358974], [-96.09467027984992, 16.902228021110723], [-96.08996591005251, 16.89828761987961], [-96.13632877992627, 16.864787020068718], [-96.17139540018661, 16.85683648016274], [-96.18288594030555, 16.857792150307976], [-96.18939067995744, 16.861531429926444], [-96.18990281953982, 16.863817830373016], [-96.19218826022299, 16.862718880273427], [-96.19456641958845, 16.865074949998277], [-96.20237749041112, 16.8648655098677], [-96.20450150998451, 16.867965460390074], [-96.20890126025704, 16.867729749862022], [-96.21623877008982, 16.87371342005758], [-96.2239578796989, 16.87428203002382], [-96.22557471992074, 16.876590259609305], [-96.23039529023067, 16.877841910144703], [-96.21777941987628, 16.897476080311804], [-96.21274961979849, 16.899557769625606], [-96.20543430960703, 16.894300259580543], [-96.20392947956263, 16.895218620296923], [-96.19840954970725, 16.908747510413953], [-96.19156684968782, 16.915736139845862], [-96.1795013998975, 16.922164859628992], [-96.16594509021469, 16.92440569020902], [-96.15650606038015, 16.93723125991452], [-96.15347494036422, 16.931942620118217], [-96.14183565975306, 16.921459941031692], [-96.1363339702757, 16.919728709691245]]]}}, {"type": "Feature", "properties": {"cve_mun": "20200", "municipio": "San Juan Juquila Mixes", "region": "valles_centrales", "area_km2": 316.75, "agave_2015_ha": 0.0, "agave_2016_ha": 0.0, "agave_2017_ha": 0.0, "agave_2018_ha": 0.0, "agave_2019_ha": 0.0, "agave_2020_ha": 0.0, "agave_2021_ha": 0.0, "agave_2022_ha": 0.0, "agave_2023_ha": 0.0, "agave_2024_ha": 0.0, "agave_2025_ha": 0.0, "distrito_v11": "yautepec"}, "geometry": {"type": "Polygon", "coordinates": [[[-95.9334925998774, 17.00015371974983], [-95.92104854041482, 16.99745694996174], [-95.9193240301709, 16.999050289826137], [-95.91656795038726, 16.996496250130647], [-95.90894482033522, 16.99577560022359], [-95.90636591012556, 16.991377490193294], [-95.90548854014939, 16.9951244196848], [-95.90393965041375, 16.99540394976771], [-95.89185955024135, 16.988883450151175], [-95.88471695007658, 16.992817000331325], [-95.87894952028176, 16.993470420144263], [-95.87624646041584, 16.991936289968542], [-95.87413345987004, 16.988024939933375], [-95.87120023020142, 16.989682659621263], [-95.86963945955164, 16.98809527958813], [-95.87484497962166, 16.981743450143775], [-95.87414274976177, 16.97775714022862], [-95.87609701983399, 16.97587494998843], [-95.87654290969652, 16.972224220212333], [-95.87081112008099, 16.96776953978362], [-95.86405293964002, 16.96662582981824], [-95.85726811004626, 16.9626753103576], [-95.8613821099501, 16.96276300008707], [-95.86667548958306, 16.960423819940754], [-95.87348188981596, 16.964109220169075], [-95.88036803044942, 16.960129379994], [-95.87767713989693, 16.956419710047737], [-95.87442657044272, 16.958555739922215], [-95.86978072027583, 16.95692042039539], [-95.87387006041723, 16.940719689994307], [-95.86703877010208, 16.93254481975634], [-95.861333650027, 16.934389250158667], [-95.85291608953538, 16.933933080039097], [-95.84601781964157, 16.939381339786816], [-95.84410682999892, 16.93813577038839], [-95.84599279981168, 16.932838119839314], [-95.84373436975181, 16.922217799809616], [-95.8477318904168, 16.919008970456293], [-95.84819942981868, 16.912176849605665], [-95.84781923010314, 16.90598065027644], [-95.84604266044545, 16.90351397963042], [-95.83327281977857, 16.904911120412972], [-95.82877924971743, 16.908327369553216], [-95.82553251021659, 16.908169909757127], [-95.82994359954242, 16.901807260150463], [-95.8365527196238, 16.89952010988774], [-95.83715832002358, 16.892313310130856], [-95.83936818036659, 16.89078577958497], [-95.83630291035618, 16.88698358033937], [-95.81423565015751, 16.890189400334343], [-95.7776433500615, 16.886369510065666], [-95.79294878002236, 16.855216029906007], [-95.80949737896307, 16.831742110467065], [-95.83732753948392, 16.79973138027927], [-95.84209213917036, 16.778440480596355], [-95.85366008030341, 16.77880126083461], [-95.85631013923366, 16.777509800301456], [-95.85867074011254, 16.778823459591656], [-95.88153983028634, 16.76463951028086], [-95.87737091038947, 16.747765220269557], [-95.88214582934611, 16.74908951070454], [-95.8892546497669, 16.742585891336255], [-95.89646532033865, 16.743119820744678], [-95.90746454952428, 16.737618951145766], [-95.91278418022333, 16.76788004982386], [-95.90734397032541, 16.792712380121902], [-95.9154182800603, 16.799811769730393], [-95.92475438005671, 16.803964830210862], [-95.9359233704222, 16.81160544981417], [-95.95090956957526, 16.82436851021572], [-95.95688806033554, 16.832898380252075], [-95.97154329015429, 16.844659909981658], [-95.97649070967469, 16.85960533975599], [-95.96690251997258, 16.87552222026661], [-95.96427671040506, 16.877280310440423], [-95.96858079972488, 16.888518909767473], [-95.96698547983067, 16.89550634020598], [-95.97099741984682, 16.901001400122347], [-95.97028666000944, 16.906767879987772], [-95.96545598032849, 16.91682748017168], [-95.95752300045959, 16.923816319992586], [-95.9578585103288, 16.927912449814475], [-95.95302244997043, 16.934398089599963], [-95.95299942956356, 16.946624910323994], [-95.94516599982396, 16.99502264987134], [-95.9397248802518, 16.99655723029803], [-95.93550650973282, 16.995676829713243], [-95.9334925998774, 17.00015371974983]]]}}, {"type": "Feature", "properties": {"cve_mun": "20211", "municipio": "San Juan Ozolotepec", "region": "costa", "area_km2": 207.68, "agave_2015_ha": 0.0, "agave_2016_ha": 0.0, "agave_2017_ha": 0.0, "agave_2018_ha": 0.0, "agave_2019_ha": 0.0, "agave_2020_ha": 0.0, "agave_2021_ha": 0.0, "agave_2022_ha": 0.0, "agave_2023_ha": 0.0, "agave_2024_ha": 0.0, "agave_2025_ha": 0.0, "distrito_v11": "miahuatlan"}, "geometry": {"type": "Polygon", "coordinates": [[[-96.21067154047009, 16.170135199699732], [-96.20747242981469, 16.164425289753886], [-96.19339413990899, 16.16988911978003], [-96.1797288802801, 16.162699030358628], [-96.17200915024118, 16.16247533990225], [-96.14873556996983, 16.1536066502559], [-96.12058864963592, 16.1500704299351], [-96.1026099095471, 16.162550320001706], [-96.08716762002187, 16.15617514958584], [-96.10744999996402, 16.146776719861162], [-96.11353350918446, 16.139311149863317], [-96.11939985006983, 16.114234599806476], [-96.1239510203856, 16.112089709861984], [-96.13390909042747, 16.095847970271176], [-96.13124011022256, 16.087041309758963], [-96.13354645959726, 16.08046660001953], [-96.13184940012366, 16.075551179949723], [-96.13605309045188, 16.059102459773623], [-96.13816276964612, 16.0580070197738], [-96.14201328959878, 16.05053266001633], [-96.13714561998864, 16.03786394960563], [-96.1423009197802, 16.045660620299167], [-96.14990323047913, 16.04294070957498], [-96.16137551030508, 16.0445083995809], [-96.16345305021785, 16.042690740315628], [-96.17141554998098, 16.043214919932318], [-96.17193189011772, 16.03896628021737], [-96.166721200463, 16.03424408958264], [-96.16794473959062, 16.026699680082793], [-96.17156913964855, 16.02316022972207], [-96.16863888037966, 16.01945739988962], [-96.17064698029421, 16.012278200242168], [-96.17601919996093, 16.009488260013], [-96.17997772043233, 16.011270820379494], [-96.18617571971834, 16.00888314957439], [-96.18719419985061, 16.016550580125397], [-96.1930784501527, 16.019314750092967], [-96.20144144996611, 16.019398949881495], [-96.21005382004145, 16.013635229843334], [-96.21058556991127, 16.021326349567367], [-96.21483751980652, 16.02906550973281], [-96.2221379097851, 16.025717249805595], [-96.22413436972961, 16.023105799669896], [-96.23018186039138, 16.028727539889516], [-96.23629226025675, 16.030915939711335], [-96.23373024994467, 16.03611234027387], [-96.23816165026187, 16.03519124974252], [-96.24079420023274, 16.037957230073165], [-96.25669620040236, 16.046215219583644], [-96.2607576797156, 16.044943379878053], [-96.26483337036568, 16.046844419622083], [-96.26860093994185, 16.050967420391032], [-96.26659235005653, 16.0708939102397], [-96.2625604903773, 16.074875800129288], [-96.26564297027691, 16.076195660330416], [-96.265421289697, 16.07808196954399], [-96.25922068009487, 16.079032659638703], [-96.27200286003763, 16.080478170166238], [-96.28310081991775, 16.08544972003914], [-96.29590192024432, 16.08514462995055], [-96.30971712034761, 16.08846674031513], [-96.31149297959809, 16.092133019755394], [-96.30590965027399, 16.10012249015354], [-96.27440778037905, 16.16487751972877], [-96.25456897017482, 16.18690448032828], [-96.2173518302248, 16.185261689957752], [-96.21757821964394, 16.173636880316117], [-96.21067154047009, 16.170135199699732]], [[-96.23272281958967, 16.09869394986273], [-96.22767677898396, 16.09612673968121], [-96.22654462904163, 16.09319437961902], [-96.22140931029672, 16.08869946046682], [-96.22154193861046, 16.086060350173803], [-96.21812291966846, 16.08695906043797], [-96.21501646038942, 16.08413803123154], [-96.20969025995039, 16.086340680269224], [-96.20659485966237, 16.08312728963432], [-96.2063766298577, 16.081944979891187], [-96.21148657977052, 16.083784739871728], [-96.22229727971322, 16.077162769890162], [-96.22218276979875, 16.07503548004129], [-96.23020485010198, 16.06340633960262], [-96.2164615498253, 16.053318859622994], [-96.20830296976519, 16.050560260051224], [-96.19758067968255, 16.0520920501631], [-96.19159245036803, 16.054872029765544], [-96.17916513968237, 16.05446634993394], [-96.17651891972164, 16.05640004971564], [-96.17871672043175, 16.058994830041186], [-96.17939766030473, 16.0663427798386], [-96.17559902034074, 16.070675289631183], [-96.1717318900559, 16.070836089846836], [-96.17551205012593, 16.075642109584624], [-96.17299256969046, 16.078064400398276], [-96.16957117965174, 16.077820600192087], [-96.16871605006764, 16.080686859804832], [-96.16656501958447, 16.080536549925885], [-96.1672820797247, 16.082374319697617], [-96.16274998018922, 16.08246345972783], [-96.1651067497102, 16.084138280135644], [-96.16514450996812, 16.086317150060527], [-96.16292793956238, 16.08743411011484], [-96.16389931968416, 16.089113919662175], [-96.16251927981654, 16.092079600385144], [-96.16490084952744, 16.090967950256235], [-96.16507661978827, 16.094732850222364], [-96.16298076977044, 16.097244650035105], [-96.1646557699861, 16.100310309747492], [-96.16021593982121, 16.101457569999166], [-96.16216386044444, 16.105248509651048], [-96.17454734002551, 16.112519690127193], [-96.17873008037179, 16.111091679733782], [-96.1816633799588, 16.113437689786668], [-96.19712122964928, 16.116143030234895], [-96.20188646018148, 16.124851520431072], [-96.2006043101282, 16.12624089012197], [-96.20808214000012, 16.14580267974498], [-96.22463010980314, 16.129834060252627], [-96.24318597001053, 16.11698951983779], [-96.24027280036121, 16.114470620085214], [-96.2380241804019, 16.10649527996603], [-96.23272281958967, 16.09869394986273]]]}}, {"type": "Feature", "properties": {"cve_mun": "20209", "municipio": "San Juan Mixtepec", "region": "costa", "area_km2": 75.83, "agave_2015_ha": 0.0, "agave_2016_ha": 0.0, "agave_2017_ha": 0.0, "agave_2018_ha": 0.0, "agave_2019_ha": 0.0, "agave_2020_ha": 0.0, "agave_2021_ha": 0.0, "agave_2022_ha": 0.0, "agave_2023_ha": 0.0, "agave_2024_ha": 0.0, "agave_2025_ha": 0.0, "distrito_v11": "miahuatlan"}, "geometry": {"type": "Polygon", "coordinates": [[[-96.30720296908135, 16.318523140495756], [-96.30533433868789, 16.31396749003569], [-96.30227582023379, 16.31400632063634], [-96.29584581978055, 16.30344945121219], [-96.2992446499652, 16.28908485032966], [-96.29440060017416, 16.27742925030152], [-96.2969441800942, 16.267180599928416], [-96.29262882033623, 16.26523851018046], [-96.29004275044926, 16.26166026010949], [-96.28937471962102, 16.25382711998814], [-96.29180842989848, 16.24832774037553], [-96.27810919982245, 16.23771412029421], [-96.27696034000435, 16.233009320010908], [-96.26934670969987, 16.222307800015397], [-96.2683457104006, 16.213745110120453], [-96.27327873991156, 16.198175230343683], [-96.27824903037886, 16.197647770007773], [-96.27994278024549, 16.199802310453943], [-96.28697489007571, 16.201083969594013], [-96.2878146298869, 16.199038620115846], [-96.29339343047279, 16.19932451958351], [-96.29726542961397, 16.197042619852763], [-96.30803934974541, 16.197847480029395], [-96.32143290960582, 16.193182490025684], [-96.3372154602279, 16.19590531985034], [-96.34259231981738, 16.199584250288108], [-96.34712476980762, 16.20000253990545], [-96.33785266005093, 16.207359939768754], [-96.33513576957982, 16.206538879907452], [-96.33992302998792, 16.22064208024561], [-96.34406907965177, 16.226928579964476], [-96.34880749004026, 16.255637921134717], [-96.34724208972139, 16.260410150870296], [-96.34910646017762, 16.265740680988923], [-96.34703911009282, 16.269634060824295], [-96.34820068887173, 16.273471169831513], [-96.3472419803054, 16.279764290531336], [-96.34534294872522, 16.283967629509565], [-96.34153337867215, 16.28565854061046], [-96.33982510985098, 16.289723140909725], [-96.33343424929149, 16.289780460091983], [-96.33076905975103, 16.295527021200826], [-96.32719893925267, 16.300271050175784], [-96.32563122003207, 16.298820421247118], [-96.31115205949096, 16.320801940624655], [-96.30620671992874, 16.322007740631616], [-96.30720296908135, 16.318523140495756]]]}}, {"type": "Feature", "properties": {"cve_mun": "20219", "municipio": "San Juan Teitipac", "region": "valles_centrales", "area_km2": 41.36, "agave_2015_ha": 0.0, "agave_2016_ha": 0.0, "agave_2017_ha": 0.0, "agave_2018_ha": 0.0, "agave_2019_ha": 0.0, "agave_2020_ha": 0.0, "agave_2021_ha": 0.0, "agave_2022_ha": 0.0, "agave_2023_ha": 0.0, "agave_2024_ha": 0.0, "agave_2025_ha": 0.0, "distrito_v11": "tlacolula"}, "geometry": {"type": "Polygon", "coordinates": [[[-96.60300597968633, 16.942492969913452], [-96.58579016973536, 16.929906120600506], [-96.58153640029873, 16.931189820001663], [-96.58972602040228, 16.92405380005107], [-96.58929435013037, 16.91791976966652], [-96.57697857976187, 16.8822084203625], [-96.55672897040776, 16.844727169703187], [-96.58032130973021, 16.839927339559228], [-96.61045189011307, 16.883076630395585], [-96.60994426024442, 16.892493940318257], [-96.61506222019412, 16.896221950384646], [-96.62841888973065, 16.887997280182972], [-96.63292594036149, 16.91718786041827], [-96.62563124983754, 16.92386199977153], [-96.62546426020226, 16.931615369859497], [-96.6221389996102, 16.933834629684238], [-96.62239782028355, 16.93847648035351], [-96.62088537952366, 16.938444140403767], [-96.62000838030715, 16.941071920000738], [-96.60300597968633, 16.942492969913452]]]}}, {"type": "Feature", "properties": {"cve_mun": "20233", "municipio": "San Lucas Quiavin\u00ed", "region": "valles_centrales", "area_km2": 51.9, "agave_2015_ha": 0.0, "agave_2016_ha": 0.0, "agave_2017_ha": 0.0, "agave_2018_ha": 0.0, "agave_2019_ha": 0.0, "agave_2020_ha": 0.0, "agave_2021_ha": 0.0, "agave_2022_ha": 0.0, "agave_2023_ha": 0.0, "agave_2024_ha": 0.0, "agave_2025_ha": 0.0, "distrito_v11": "tlacolula"}, "geometry": {"type": "Polygon", "coordinates": [[[-96.42275508998875, 16.92937557967965], [-96.42331860005535, 16.92680579997682], [-96.41638992000885, 16.9238791997381], [-96.41698651012922, 16.92132117003579], [-96.41521687986096, 16.91854222967205], [-96.42687905028248, 16.911412259636485], [-96.4233344304203, 16.90514013996405], [-96.4219124904111, 16.884730950091313], [-96.42727238031974, 16.847948449718686], [-96.42634467990561, 16.841226349773407], [-96.43904048986077, 16.833327280331975], [-96.45922784967534, 16.844309650097593], [-96.4714753501827, 16.85438323031505], [-96.47183413961459, 16.856169919702978], [-96.48512963035752, 16.86254511956883], [-96.49127040029487, 16.857509380447226], [-96.49777922972794, 16.860637680043816], [-96.50060103043033, 16.866754249846274], [-96.48825769030508, 16.880672420379273], [-96.4773897500891, 16.90051797024842], [-96.47603897957026, 16.920963539797004], [-96.46109778018608, 16.915854780195865], [-96.46039450962694, 16.916964910240214], [-96.43677175024453, 16.911264029726052], [-96.42932925996092, 16.91124953965775], [-96.4292213201326, 16.913455289809743], [-96.41929297004297, 16.92044506020606], [-96.42636658013542, 16.923932219982934], [-96.42665254035205, 16.930055460214756], [-96.42275508998875, 16.92937557967965]]]}}, {"type": "Feature", "properties": {"cve_mun": "20226", "municipio": "San Lorenzo Albarradas", "region": "valles_centrales", "area_km2": 134.74, "agave_2015_ha": 0.0, "agave_2016_ha": 0.0, "agave_2017_ha": 0.0, "agave_2018_ha": 0.0, "agave_2019_ha": 0.0, "agave_2020_ha": 0.0, "agave_2021_ha": 0.0, "agave_2022_ha": 0.0, "agave_2023_ha": 0.0, "agave_2024_ha": 0.0, "agave_2025_ha": 0.0, "distrito_v11": "tlacolula"}, "geometry": {"type": "Polygon", "coordinates": [[[-96.24296957024939, 16.969073689610628], [-96.23781455017728, 16.963363089723387], [-96.23585348032374, 16.95809027985329], [-96.21612134958278, 16.950109309967036], [-96.21357337989721, 16.944876829897293], [-96.20775248001254, 16.94369773965659], [-96.20994690987933, 16.94098369000036], [-96.2044247797125, 16.938235430377734], [-96.20565497043172, 16.928832880076058], [-96.2032259995936, 16.92525688988615], [-96.18521573996607, 16.921620980428422], [-96.18456830975273, 16.923377350235484], [-96.18150577014065, 16.921369890085597], [-96.19156684968782, 16.915736139845862], [-96.19840954970725, 16.908747510413953], [-96.20392947956263, 16.895218620296923], [-96.20543430960703, 16.894300259580543], [-96.21274961979849, 16.899557769625606], [-96.21777941987628, 16.897476080311804], [-96.23039529023067, 16.877841910144703], [-96.22557471992074, 16.876590259609305], [-96.2239578796989, 16.87428203002382], [-96.21623877008982, 16.87371342005758], [-96.20890126025704, 16.867729749862022], [-96.20450150998451, 16.867965460390074], [-96.20237749041112, 16.8648655098677], [-96.19456641958845, 16.865074949998277], [-96.19218826022299, 16.862718880273427], [-96.18990281953982, 16.863817830373016], [-96.18939067995744, 16.861531429926444], [-96.18288594030555, 16.857792150307976], [-96.16802945953474, 16.857361370313402], [-96.15844611035668, 16.84929337003995], [-96.15092047996335, 16.825230169913127], [-96.15017045045592, 16.810988029804147], [-96.16871225009233, 16.814619089852673], [-96.19840014040062, 16.810727490221105], [-96.20529572033259, 16.839332750328396], [-96.21751422981413, 16.867172280053655], [-96.21991383013379, 16.862690519883284], [-96.239210909605, 16.84487897989016], [-96.24902657978159, 16.850336029988387], [-96.30768617037471, 16.872605719795153], [-96.31321365998755, 16.872768799870858], [-96.31470023022057, 16.875277749956002], [-96.2895968895986, 16.95030128968541], [-96.28434206022978, 16.949128109797847], [-96.28284611961507, 16.94457439994285], [-96.25467348037587, 16.95713284990862], [-96.24966948971988, 16.960442830093378], [-96.24296957024939, 16.969073689610628]]]}}, {"type": "Feature", "properties": {"cve_mun": "20235", "municipio": "San Luis Amatl\u00e1n", "region": "valles_centrales", "area_km2": 290.18, "agave_2015_ha": 0.0, "agave_2016_ha": 0.0, "agave_2017_ha": 0.0, "agave_2018_ha": 0.0, "agave_2019_ha": 0.0, "agave_2020_ha": 0.0, "agave_2021_ha": 0.0, "agave_2022_ha": 0.0, "agave_2023_ha": 0.0, "agave_2024_ha": 0.0, "agave_2025_ha": 0.0, "distrito_v11": "miahuatlan"}, "geometry": {"type": "Polygon", "coordinates": [[[-96.47245821991636, 16.59492688966758], [-96.42910185976515, 16.487205600228947], [-96.41736158034301, 16.482704289565113], [-96.41819340007983, 16.479854550187248], [-96.42592884956035, 16.48004685020435], [-96.4254667101926, 16.471734050250635], [-96.42302430974887, 16.465854820428238], [-96.42177422014835, 16.465124199615698], [-96.41989334011531, 16.470108539945752], [-96.41799393993237, 16.471241910217998], [-96.4158033701801, 16.46164698043607], [-96.41359925002037, 16.461297910128877], [-96.41071117012831, 16.46704591985641], [-96.4082374002735, 16.465007259789363], [-96.40918394967757, 16.46194512010008], [-96.40439501997632, 16.461892050088725], [-96.40038713954033, 16.456017540304767], [-96.3968166599635, 16.455212819926945], [-96.39682533967499, 16.460495619692058], [-96.37571786000187, 16.436424770252447], [-96.41130351958016, 16.376915060027255], [-96.4156424602915, 16.384240660367137], [-96.43741564968609, 16.391927291083213], [-96.45378293892406, 16.3792964495637], [-96.4566129094224, 16.37955168084783], [-96.45802946003187, 16.37587552091603], [-96.45406332015735, 16.34683768013155], [-96.47454430911364, 16.353280659655724], [-96.48482562923117, 16.353886150905296], [-96.48499094961262, 16.351777480822825], [-96.4917381087755, 16.35019277021739], [-96.4946283186018, 16.351629340974593], [-96.49993971990266, 16.351275429975274], [-96.50097112031668, 16.35182351076778], [-96.49930037935795, 16.355740140621176], [-96.50001848957332, 16.358612460527993], [-96.50176519927903, 16.355684630574565], [-96.52002264855983, 16.357706621242933], [-96.52111808955658, 16.3564487199043], [-96.52945763042396, 16.364007889720504], [-96.53214043037205, 16.36448371007153], [-96.53460611998547, 16.36291308004436], [-96.53915596972524, 16.381874110405434], [-96.53820692037529, 16.408410260239148], [-96.54019905036192, 16.412324080204503], [-96.53663373864306, 16.439613139854938], [-96.5306368196526, 16.445037121212962], [-96.53516137928533, 16.45322723103815], [-96.57659192023084, 16.446741521257035], [-96.57857562994218, 16.449894049826156], [-96.57180241989776, 16.452382061217698], [-96.56905707911119, 16.45656754080152], [-96.56461928010167, 16.459301259927486], [-96.55215071877808, 16.463217979830894], [-96.55259422890352, 16.470839290075727], [-96.54706934959424, 16.473478600976954], [-96.55181597035406, 16.477884419926685], [-96.55452191895567, 16.47768506026147], [-96.55474633870082, 16.480898940618722], [-96.55601365954787, 16.479076719996005], [-96.55820843024044, 16.479447089980884], [-96.56419311004555, 16.489052230438265], [-96.56654629009286, 16.488803969696175], [-96.56608565991101, 16.491650399587357], [-96.56768663011009, 16.493068139890923], [-96.57357573963777, 16.494267679745967], [-96.56115933954014, 16.500872510349904], [-96.5603398599341, 16.50259917032239], [-96.5627720299992, 16.507416549958926], [-96.55904224979517, 16.51090134958577], [-96.56117526001762, 16.52059677878652], [-96.54728933987553, 16.525179369421032], [-96.54287208967895, 16.522200998711508], [-96.53842847963386, 16.524442519016727], [-96.53927293997417, 16.52049637938203], [-96.53692457024937, 16.518353399103326], [-96.53430371042589, 16.5207758487322], [-96.52954449026024, 16.52090579953526], [-96.52908997048272, 16.518464819411573], [-96.52708831992113, 16.518928818983447], [-96.52716557981454, 16.516369938687323], [-96.52239525031362, 16.51353250925914], [-96.50568383027718, 16.51600522952799], [-96.50325490992103, 16.544299199516214], [-96.50049481973913, 16.5503003195289], [-96.49313473994057, 16.55906125919616], [-96.49436968046967, 16.5627285988861], [-96.48810902032538, 16.572402849446433], [-96.48846027982034, 16.57463499872971], [-96.48444263036993, 16.58320181913609], [-96.47697534007325, 16.592493218746345], [-96.47245821991636, 16.59492688966758]]]}}, {"type": "Feature", "properties": {"cve_mun": "20236", "municipio": "San Marcial Ozolotepec", "region": "costa", "area_km2": 54.09, "agave_2015_ha": 0.0, "agave_2016_ha": 0.0, "agave_2017_ha": 0.0, "agave_2018_ha": 0.0, "agave_2019_ha": 0.0, "agave_2020_ha": 0.0, "agave_2021_ha": 0.0, "agave_2022_ha": 0.0, "agave_2023_ha": 0.0, "agave_2024_ha": 0.0, "agave_2025_ha": 0.0, "distrito_v11": "miahuatlan"}, "geometry": {"type": "Polygon", "coordinates": [[[-96.41441407973191, 16.09954082985339], [-96.40428051019464, 16.098981880061395], [-96.39058031040422, 16.094063980177637], [-96.38654436979745, 16.088902710078703], [-96.38243148961529, 16.086868259630894], [-96.38169468984654, 16.078859509981154], [-96.3771025796749, 16.068139919806736], [-96.35851997030743, 16.060891979576077], [-96.36488840019784, 16.058512599592756], [-96.36842884967324, 16.053492180314723], [-96.36736863026444, 16.04327747982519], [-96.3801851701147, 16.045594750267945], [-96.38252331960771, 16.043992219764863], [-96.38510757966452, 16.03703388966077], [-96.392149220383, 16.032170019945962], [-96.38939213963214, 16.02823818014247], [-96.38572918029587, 16.026724979715436], [-96.38669565966998, 16.020385850089767], [-96.39312271959854, 16.016057259752856], [-96.39553673964134, 16.01062659992495], [-96.40216891956169, 16.008598979833245], [-96.39881148007353, 16.007640540056215], [-96.39229505028652, 15.999299779828847], [-96.40072497019844, 15.995632919751305], [-96.40622866038039, 15.990704419744848], [-96.41140534003462, 15.96631805024087], [-96.41793847964844, 15.96427267969864], [-96.41562519972479, 15.96803437028047], [-96.42078731972518, 15.967648749857988], [-96.42420445044992, 15.970971219867629], [-96.42226034967476, 15.975202489646746], [-96.42388708006288, 15.982007250134254], [-96.42980028999789, 15.98193987988372], [-96.43112639999724, 15.983895479729926], [-96.43083007982794, 15.991510820043986], [-96.43324371980533, 15.991605380116056], [-96.43420531014543, 15.99684283008736], [-96.43611690961441, 15.994201849927169], [-96.43820954965028, 15.99803266019451], [-96.43571022988988, 15.998696940325948], [-96.4372948496441, 16.002270049680206], [-96.43579550996992, 16.002684379620508], [-96.43667351967277, 16.004235740245942], [-96.43406371011527, 16.004656180128528], [-96.4349206797826, 16.008764710160225], [-96.43382174984701, 16.010212310294204], [-96.42992379965811, 16.010029879873724], [-96.42899082029496, 16.014920799848376], [-96.42712415021659, 16.015717579721148], [-96.42981823037765, 16.020112120292733], [-96.42863886001854, 16.020879709675818], [-96.42463231963531, 16.018318230393902], [-96.42581408029402, 16.019650319923027], [-96.42369471995146, 16.0207886501135], [-96.42439820016632, 16.0240872303763], [-96.42216993991609, 16.02181139994542], [-96.42054767976832, 16.022258319693233], [-96.42211238018248, 16.026041290357075], [-96.42072915042148, 16.02840668991838], [-96.4170090895479, 16.02924310997394], [-96.4130962791463, 16.04058279952371], [-96.41064317893132, 16.042472740253643], [-96.41190288897786, 16.045635080147793], [-96.4104685998229, 16.049013600334245], [-96.41222831921787, 16.05191133982067], [-96.40960385966758, 16.052881940409595], [-96.40985174901789, 16.055579600116907], [-96.41193277022577, 16.055679510306366], [-96.41142807923019, 16.05715616952554], [-96.41563500008685, 16.059220079975923], [-96.41580043010126, 16.064203289718925], [-96.41835724873822, 16.066161119566768], [-96.41823925009813, 16.07090334971459], [-96.4213206192315, 16.073150880366402], [-96.42366354935149, 16.071223800028598], [-96.42425558018044, 16.07310122971138], [-96.42241409037894, 16.074903979585155], [-96.42555885870269, 16.08160974960497], [-96.42426385976692, 16.084267310133914], [-96.4265850286492, 16.08404021997905], [-96.42549981956832, 16.086362739977492], [-96.42674710889656, 16.088388949870044], [-96.42517987939668, 16.090694580114032], [-96.4271019692922, 16.091948999941916], [-96.42524514995957, 16.094845430345966], [-96.42653973876769, 16.095366909858143], [-96.4256084900426, 16.098369309560447], [-96.41548011003637, 16.09800316978589], [-96.41441407973191, 16.09954082985339]]]}}, {"type": "Feature", "properties": {"cve_mun": "20263", "municipio": "San Miguel Coatl\u00e1n", "region": "costa", "area_km2": 124.12, "agave_2015_ha": 0.0, "agave_2016_ha": 0.0, "agave_2017_ha": 0.0, "agave_2018_ha": 0.0, "agave_2019_ha": 0.0, "agave_2020_ha": 0.0, "agave_2021_ha": 0.0, "agave_2022_ha": 0.0, "agave_2023_ha": 0.0, "agave_2024_ha": 0.0, "agave_2025_ha": 0.0, "distrito_v11": "miahuatlan"}, "geometry": {"type": "Polygon", "coordinates": [[[-96.63264895010047, 16.092998509981882], [-96.64398649023336, 16.08666461964069], [-96.64726388010928, 16.087850149989738], [-96.65034505959802, 16.085770939863504], [-96.66554991003412, 16.09942718026398], [-96.7336399799931, 16.140451509586708], [-96.7283937797832, 16.167023019582693], [-96.72769905045242, 16.190815860349925], [-96.7142707395877, 16.211105279537914], [-96.69542389045836, 16.252582180011515], [-96.65913909041211, 16.23611117034644], [-96.65480138035818, 16.210583080272567], [-96.64619023016475, 16.201499890027247], [-96.64566222012652, 16.195412450070897], [-96.64926862960164, 16.18363501965656], [-96.65196774998417, 16.180704799671666], [-96.64836378011378, 16.176474089612846], [-96.63679257021121, 16.17145565984621], [-96.63662271020922, 16.165056250432258], [-96.63834311007017, 16.16421958007522], [-96.64121390994434, 16.156873879595043], [-96.64596133961713, 16.154469890075273], [-96.64728503033234, 16.150190230378104], [-96.64660727994556, 16.145314059640693], [-96.63870114001472, 16.139914770178887], [-96.6327773800407, 16.12766638009728], [-96.63407231025202, 16.112696679664754], [-96.63107525005405, 16.10808694022287], [-96.62747958020647, 16.09421177961971], [-96.63264895010047, 16.092998509981882]]]}}, {"type": "Feature", "properties": {"cve_mun": "20254", "municipio": "San Mateo R\u00edo Hondo", "region": "costa", "area_km2": 212.3, "agave_2015_ha": 0.0, "agave_2016_ha": 0.0, "agave_2017_ha": 0.0, "agave_2018_ha": 0.0, "agave_2019_ha": 0.0, "agave_2020_ha": 0.0, "agave_2021_ha": 0.0, "agave_2022_ha": 0.0, "agave_2023_ha": 0.0, "agave_2024_ha": 0.0, "agave_2025_ha": 0.0, "distrito_v11": "miahuatlan"}, "geometry": {"type": "Polygon", "coordinates": [[[-96.4895819202241, 16.187665289593987], [-96.47900633991114, 16.182759829869394], [-96.47585331019323, 16.17912949020182], [-96.46970299958875, 16.181703149649202], [-96.45647851997758, 16.175980679585596], [-96.44872338002428, 16.17682528964758], [-96.44142211959529, 16.171577969699594], [-96.43801859998393, 16.163462029938636], [-96.43497651994663, 16.159071180072775], [-96.43177157996678, 16.157586109567237], [-96.43251227997703, 16.150955200411218], [-96.43037277036063, 16.147918030309576], [-96.42932703004878, 16.140474659655123], [-96.42428902028517, 16.147129349708212], [-96.41629857020077, 16.1535039500137], [-96.41094362984761, 16.154233450174058], [-96.40754369004672, 16.157175399902474], [-96.40288882008952, 16.157344179562816], [-96.4066812502651, 16.143609630380965], [-96.40435726002721, 16.13897561977147], [-96.40992437011556, 16.13532182016944], [-96.40954051982305, 16.13110514010338], [-96.41509403044613, 16.126803620389005], [-96.41450267967627, 16.116583920004675], [-96.42083623002688, 16.112357489588163], [-96.43336844978404, 16.112611850059828], [-96.43314608941188, 16.11601364984888], [-96.43594017880832, 16.12002599993255], [-96.43947565902967, 16.121342029981868], [-96.44284141874736, 16.12555430999018], [-96.4489468887224, 16.12763931980836], [-96.45231313948699, 16.124964229760007], [-96.46154171953815, 16.12432217989531], [-96.46394028045226, 16.117343889664838], [-96.46572249030113, 16.11607528024616], [-96.4669935703928, 16.10970422032559], [-96.47377196978421, 16.11569061972088], [-96.47625750871862, 16.11557196971232], [-96.48316853995462, 16.12013325027021], [-96.51270977008701, 16.102283860402995], [-96.51077531994731, 16.09677248964432], [-96.49838726024569, 16.08215452036538], [-96.51547930931817, 16.061390709648684], [-96.51347025020905, 16.057615259709856], [-96.50403665971386, 16.060180680185514], [-96.5027489500389, 16.05590932039312], [-96.50462488953251, 16.055207880408954], [-96.50260017984067, 16.052162399906003], [-96.50619371991684, 16.047138179896685], [-96.51255033977601, 16.046695569707584], [-96.51580499956178, 16.039050169867803], [-96.51986864978983, 16.035838109718984], [-96.51779797003319, 16.030208220326017], [-96.52018678023794, 16.028973860234025], [-96.51906457032567, 16.024395519983013], [-96.52445474008013, 16.025630720231167], [-96.52451257966621, 16.02152351957005], [-96.52049242035464, 16.015946889635217], [-96.5257567395811, 16.01634362021058], [-96.5272894204265, 16.014572850200764], [-96.52585131960366, 16.01298171980682], [-96.52490362038223, 16.013816830360962], [-96.52517258023688, 16.012124800369918], [-96.53973708011608, 16.01333108020311], [-96.53972401989442, 16.017736720300647], [-96.54166134034226, 16.017470089790756], [-96.54186460004564, 16.020012710381415], [-96.54817238012019, 16.022142119804556], [-96.54814476962085, 16.024646709971236], [-96.55147411032004, 16.02430534039773], [-96.54975988956694, 16.02832524957986], [-96.55064237976293, 16.030556859694897], [-96.54739775024332, 16.030754850215526], [-96.54924581965678, 16.03390942033615], [-96.54604531975912, 16.03435925028716], [-96.53990034034216, 16.039619800278803], [-96.54131666033126, 16.04042251019201], [-96.54172984997044, 16.047262289998155], [-96.54381019955221, 16.04861980027064], [-96.55416248007253, 16.048842320066047], [-96.5580272198448, 16.05320091012968], [-96.56939859964926, 16.059101199860805], [-96.57336933986977, 16.063250109809267], [-96.56674668962857, 16.06548715034769], [-96.5669141097836, 16.068282740166552], [-96.56429508992285, 16.07012641968249], [-96.5773460299, 16.081756079815502], [-96.59304357992029, 16.083860179744775], [-96.60190768001713, 16.088443029632177], [-96.6084320896131, 16.08847159980421], [-96.6150635498211, 16.092980050193184], [-96.62747958020647, 16.09421177961971], [-96.63107525005405, 16.10808694022287], [-96.63407231025202, 16.112696679664754], [-96.62159695026801, 16.113509620410813], [-96.61739761984357, 16.121028739645656], [-96.60953242035933, 16.127459909598922], [-96.59804660007627, 16.141213970450583], [-96.59212775024336, 16.143061430357232], [-96.59132467981864, 16.14904200002244], [-96.58778055029552, 16.151322540068467], [-96.58704049041765, 16.154419110268613], [-96.58388037026577, 16.157499140107053], [-96.58416379985621, 16.1708067800891], [-96.55957761973241, 16.180514480024716], [-96.55224788023145, 16.177841119626045], [-96.51387997986063, 16.187961230415794], [-96.50593556966746, 16.18371461978655], [-96.49991317968302, 16.183774170117196], [-96.4981341497777, 16.186464649560705], [-96.4895819202241, 16.187665289593987]]]}}, {"type": "Feature", "properties": {"cve_mun": "20279", "municipio": "San Miguel Suchixtepec", "region": "costa", "area_km2": 69.95, "agave_2015_ha": 0.0, "agave_2016_ha": 0.0, "agave_2017_ha": 0.0, "agave_2018_ha": 0.0, "agave_2019_ha": 0.0, "agave_2020_ha": 0.0, "agave_2021_ha": 0.0, "agave_2022_ha": 0.0, "agave_2023_ha": 0.0, "agave_2024_ha": 0.0, "agave_2025_ha": 0.0, "distrito_v11": "miahuatlan"}, "geometry": {"type": "Polygon", "coordinates": [[[-96.44284141874736, 16.12555430999018], [-96.43407404898186, 16.11772282951193], [-96.43188613936675, 16.108839949543555], [-96.42867271924364, 16.106296049633368], [-96.42966594965637, 16.10218757013124], [-96.4256084900426, 16.098369309560447], [-96.42653973876769, 16.095366909858143], [-96.42524514995957, 16.094845430345966], [-96.42706314001323, 16.092685310148195], [-96.42517987939668, 16.090694580114032], [-96.42674710889656, 16.088388949870044], [-96.42549981956832, 16.086362739977492], [-96.4265850286492, 16.08404021997905], [-96.42426385976692, 16.084267310133914], [-96.42558381877762, 16.08195010967918], [-96.42241409037894, 16.074903979585155], [-96.42425558018044, 16.07310122971138], [-96.42366354935149, 16.071223800028598], [-96.4213206192315, 16.073150880366402], [-96.41823925009813, 16.07090334971459], [-96.41835724873822, 16.066161119566768], [-96.41580043010126, 16.064203289718925], [-96.41563500008685, 16.059220079975923], [-96.41142807923019, 16.05715616952554], [-96.41193277022577, 16.055679510306366], [-96.40985174901789, 16.055579600116907], [-96.40960385966758, 16.052881940409595], [-96.41222831921787, 16.05191133982067], [-96.4104685998229, 16.049013600334245], [-96.41190288897786, 16.045635080147793], [-96.41064317893132, 16.042472740253643], [-96.4130962791463, 16.04058279952371], [-96.41319873894827, 16.037561400324055], [-96.41684331882918, 16.031690939790284], [-96.43286362925514, 16.03846489037056], [-96.43805852005937, 16.03307876968076], [-96.44080843018783, 16.032652049834944], [-96.4422680789222, 16.02967388988067], [-96.44376852038316, 16.030099740073506], [-96.44652551933987, 16.038136090195117], [-96.45077082042147, 16.0426884797424], [-96.46643354936643, 16.045651290216], [-96.47182692034691, 16.050703569872418], [-96.4815688793592, 16.0636684797967], [-96.48189924986185, 16.06635682966908], [-96.47961814905896, 16.068293400156392], [-96.4794217497219, 16.070641599958662], [-96.48551734975304, 16.0740062296098], [-96.48589090986806, 16.076974740440775], [-96.48897901948328, 16.076939830307996], [-96.48948052045866, 16.07981360000993], [-96.49159194030761, 16.076982260295065], [-96.49284617866523, 16.078746980140895], [-96.49472765002652, 16.077867219960225], [-96.49067401861224, 16.075203540344013], [-96.49213242974531, 16.074153229601993], [-96.49014942032701, 16.073520419906593], [-96.48936841933416, 16.07048391023809], [-96.49087977989062, 16.06989295043038], [-96.48984351896222, 16.068696849643267], [-96.49226255004469, 16.06452336970212], [-96.49583021872158, 16.06232284973556], [-96.4974130287603, 16.063053489989358], [-96.50028153883194, 16.05798508016558], [-96.50255191964749, 16.05925302017833], [-96.50190053978783, 16.063908619570157], [-96.50490527984165, 16.060121769933147], [-96.51347025020905, 16.057615259709856], [-96.51547930931817, 16.061390709648684], [-96.49838726024569, 16.08215452036538], [-96.51077531994731, 16.09677248964432], [-96.51270977008701, 16.102283860402995], [-96.48316853995462, 16.12013325027021], [-96.47625750871862, 16.11557196971232], [-96.47377196978421, 16.11569061972088], [-96.46774841875195, 16.10943418014755], [-96.46154171953815, 16.12432217989531], [-96.45231313948699, 16.124964229760007], [-96.4489468887224, 16.12763931980836], [-96.44284141874736, 16.12555430999018]]]}}, {"type": "Feature", "properties": {"cve_mun": "20289", "municipio": "San Nicol\u00e1s", "region": "sierra_sur", "area_km2": 29.68, "agave_2015_ha": 0.0, "agave_2016_ha": 0.0, "agave_2017_ha": 0.0, "agave_2018_ha": 0.0, "agave_2019_ha": 0.0, "agave_2020_ha": 0.0, "agave_2021_ha": 0.0, "agave_2022_ha": 0.0, "agave_2023_ha": 0.0, "agave_2024_ha": 0.0, "agave_2025_ha": 0.0, "distrito_v11": "miahuatlan"}, "geometry": {"type": "Polygon", "coordinates": [[[-96.73158787877311, 16.458655140267457], [-96.7258224289689, 16.45987925991078], [-96.72531778018616, 16.461964540036156], [-96.7237838787364, 16.46110611033314], [-96.72220284865547, 16.462557020371708], [-96.72075042873686, 16.45969731119684], [-96.71431088886365, 16.457603629794946], [-96.71774505006964, 16.45577662017096], [-96.71688045960019, 16.454394849572004], [-96.71823981972969, 16.45218087956122], [-96.7159251488455, 16.45089662954618], [-96.7195643199401, 16.447432569640274], [-96.71950661878634, 16.446234739506814], [-96.71785858017874, 16.447492290708503], [-96.71606648882593, 16.44638175000497], [-96.7178806301599, 16.443815349723398], [-96.7162743495582, 16.444204171013627], [-96.71354211899857, 16.44048814102049], [-96.72490757007958, 16.42492074994148], [-96.72830112030513, 16.42435274031353], [-96.72821968973318, 16.42131792017767], [-96.73627082010218, 16.410274720070674], [-96.73564522983781, 16.408393309835326], [-96.7469050296882, 16.405971909837852], [-96.74796214995696, 16.39923331973044], [-96.75006162959076, 16.397501660322252], [-96.75282748023322, 16.397769249818015], [-96.75316438001512, 16.39438007980618], [-96.77797220024478, 16.39853237031855], [-96.77191337978763, 16.40760251962996], [-96.76303597977095, 16.43957411036135], [-96.75211288010934, 16.455509289673042], [-96.73499363028841, 16.47074892045836], [-96.73158787877311, 16.458655140267457]]]}}, {"type": "Feature", "properties": {"cve_mun": "20291", "municipio": "San Pablo Coatl\u00e1n", "region": "costa", "area_km2": 188.89, "agave_2015_ha": 0.0, "agave_2016_ha": 0.0, "agave_2017_ha": 0.0, "agave_2018_ha": 0.0, "agave_2019_ha": 0.0, "agave_2020_ha": 0.0, "agave_2021_ha": 0.0, "agave_2022_ha": 0.0, "agave_2023_ha": 0.0, "agave_2024_ha": 0.0, "agave_2025_ha": 0.0, "distrito_v11": "miahuatlan"}, "geometry": {"type": "Polygon", "coordinates": [[[-96.82801710924517, 16.279581320470154], [-96.82393918036561, 16.27958702055018], [-96.8256145403262, 16.276675171139804], [-96.8241363486189, 16.275094000303444], [-96.81921982981609, 16.27563251986493], [-96.82196513896184, 16.27108434974551], [-96.82097864890653, 16.26951622990233], [-96.81788578041707, 16.27075430994342], [-96.81889025031786, 16.26778514044207], [-96.81438147972922, 16.269492970639618], [-96.81341919933429, 16.266969340879598], [-96.80952434002369, 16.26713853970676], [-96.81063822862143, 16.261406229591106], [-96.80791797990442, 16.2608544000959], [-96.80540285950524, 16.262595780807988], [-96.80745579911495, 16.259723711126806], [-96.80226274028988, 16.25559131968779], [-96.7980354787606, 16.25518083041711], [-96.80006439876898, 16.25033558121434], [-96.79700605873488, 16.24801051009766], [-96.79185564951561, 16.252554750346366], [-96.7865246495547, 16.25298557979758], [-96.78193145019496, 16.251353419999624], [-96.77609296964805, 16.251747480923257], [-96.76934894954876, 16.247328170071835], [-96.76520331005213, 16.239123350827185], [-96.7614411189494, 16.23659257953966], [-96.7609488496506, 16.228339340931846], [-96.73870777932545, 16.235554849560824], [-96.73196116999367, 16.24265766024927], [-96.72464761891733, 16.240672151191063], [-96.71368462030122, 16.24149888067101], [-96.69542389045836, 16.252582180011515], [-96.7142707395877, 16.211105279537914], [-96.72769905045242, 16.190815860349925], [-96.7283937797832, 16.167023019582693], [-96.7336399799931, 16.140451509586708], [-96.76200909025621, 16.127489089651373], [-96.78163161985269, 16.12207206001344], [-96.78325398030042, 16.11922671989544], [-96.7858105401904, 16.118572749572365], [-96.78802710993884, 16.11228000000862], [-96.7901915096215, 16.11192560041675], [-96.78952846032738, 16.110042149652365], [-96.7915943699559, 16.108704429991576], [-96.7891516497318, 16.106833690421762], [-96.79220237015161, 16.102312649939417], [-96.79635537966695, 16.102927080066962], [-96.80052815029043, 16.098711199703246], [-96.80265568026044, 16.100140399761166], [-96.80236001953709, 16.10201177994379], [-96.80638141964234, 16.10287128031029], [-96.80668265016772, 16.100306169957708], [-96.81102328035443, 16.099680719918567], [-96.81575017020853, 16.103879319708884], [-96.81619648044787, 16.098580279640508], [-96.8191376602536, 16.097676019784476], [-96.820988770428, 16.10117572034133], [-96.82500269010045, 16.094258250286405], [-96.82838791962807, 16.096549230397073], [-96.83225917038487, 16.094361690405723], [-96.8324054196837, 16.087285509968456], [-96.83044959998848, 16.085127720306318], [-96.83521571960051, 16.080247309860436], [-96.83675845963435, 16.075461019921345], [-96.83404100026534, 16.0727314801617], [-96.83174952038073, 16.066607320331524], [-96.82896586022453, 16.06571293987563], [-96.83009535001793, 16.06323037987853], [-96.82881109030926, 16.059339029789903], [-96.82684319979339, 16.060488309728488], [-96.82532060010207, 16.05760849006761], [-96.82004162973611, 16.058711149585815], [-96.82094019978359, 16.056367890155947], [-96.81552954040633, 16.055490709870902], [-96.8186777195683, 16.051994050202676], [-96.82194982039145, 16.050973539739303], [-96.82640608014837, 16.039717579591866], [-96.8321060896131, 16.037516619712665], [-96.83176111985621, 16.034117090349884], [-96.8333249204446, 16.032436879974476], [-96.83205720033538, 16.03051195014442], [-96.83517855003609, 16.02633202961981], [-96.84133268038235, 16.02707211987135], [-96.84614065975835, 16.022120030041165], [-96.84693918040222, 16.02436314043802], [-96.8502482497431, 16.02505335003636], [-96.8500719095405, 16.029614309993615], [-96.85413050970432, 16.031863970169173], [-96.8749189796083, 16.03048863031357], [-96.86936502971444, 16.03914329023301], [-96.86635591004425, 16.039955230206328], [-96.86111337968843, 16.038174340232192], [-96.85864588000209, 16.039545049622195], [-96.8574375796527, 16.045266479955572], [-96.86085762036835, 16.048767429877604], [-96.8607483797753, 16.054671150346476], [-96.8649135798944, 16.06182582009759], [-96.86280207979098, 16.067971740360036], [-96.86380112003556, 16.070316379808087], [-96.86015202968917, 16.075561490264615], [-96.86749568977227, 16.075783079570332], [-96.86992711044167, 16.078769289942556], [-96.88158482980033, 16.081494939777016], [-96.88187647966818, 16.082866879876278], [-96.87673031970805, 16.08698550963989], [-96.86613305964677, 16.088745579842037], [-96.86049737013539, 16.094524399672885], [-96.86080319975557, 16.09658637016398], [-96.85677640031349, 16.10176511991415], [-96.85208059953143, 16.09239162039719], [-96.8461679802477, 16.089750799660724], [-96.83689002023537, 16.088571849592437], [-96.83350428980373, 16.09061992035091], [-96.81721099984262, 16.170594860158463], [-96.8116830295709, 16.175969580390678], [-96.8112885801094, 16.17827641988605], [-96.81624537983242, 16.18587622044292], [-96.80781325957898, 16.213157179792702], [-96.81500028015206, 16.216737110379352], [-96.85042626028267, 16.24607945968339], [-96.83682988984938, 16.26637014014076], [-96.83400851976558, 16.286156090370444], [-96.82857603016998, 16.2827074811861], [-96.82801710924517, 16.279581320470154]]]}}, {"type": "Feature", "properties": {"cve_mun": "20298", "municipio": "San Pablo Villa de Mitla", "region": "valles_centrales", "area_km2": 281.0, "agave_2015_ha": 0.0, "agave_2016_ha": 0.0, "agave_2017_ha": 0.0, "agave_2018_ha": 0.0, "agave_2019_ha": 0.0, "agave_2020_ha": 0.0, "agave_2021_ha": 0.0, "agave_2022_ha": 0.0, "agave_2023_ha": 0.0, "agave_2024_ha": 0.0, "agave_2025_ha": 0.0, "distrito_v11": "tlacolula"}, "geometry": {"type": "Polygon", "coordinates": [[[-96.24200648009786, 17.077084059564918], [-96.23678357962099, 17.067201219580674], [-96.23363171009892, 17.064385380337722], [-96.2308344000387, 17.044511619949425], [-96.22801523027178, 17.03731994004135], [-96.2106489202516, 17.01176318000869], [-96.2077480499605, 17.012184430187254], [-96.20384134963889, 17.006988909832934], [-96.20087311988779, 16.994515350182184], [-96.19598033999989, 16.99189070962359], [-96.19351495002796, 16.988007290112606], [-96.19201783011174, 16.981982889947304], [-96.18974308024828, 16.979961309720327], [-96.18609886015975, 16.97091583016856], [-96.18309514009157, 16.968466710432992], [-96.18154554991266, 16.969358450203824], [-96.17553197969447, 16.967357659845522], [-96.17059820036309, 16.963409060307267], [-96.17123263043054, 16.959304680256984], [-96.16855397044411, 16.957813280213], [-96.16301117015841, 16.950303851137708], [-96.1612075096159, 16.944124089940072], [-96.15713948953233, 16.94034340068561], [-96.15670959982627, 16.936276569547797], [-96.16594509021469, 16.92440569020902], [-96.18150577014065, 16.921369890085597], [-96.18456830975273, 16.923377350235484], [-96.18521573996607, 16.921620980428422], [-96.2032259995936, 16.92525688988615], [-96.20565497043172, 16.928832880076058], [-96.2044247797125, 16.938235430377734], [-96.20994690987933, 16.94098369000036], [-96.20775248001254, 16.94369773965659], [-96.21357337989721, 16.944876829897293], [-96.21612134958278, 16.950109309967036], [-96.23585348032374, 16.95809027985329], [-96.23781455017728, 16.963363089723387], [-96.241339549868, 16.965549369617328], [-96.24296957024939, 16.969073689610628], [-96.24966948971988, 16.960442830093378], [-96.25467348037587, 16.95713284990862], [-96.28284611961507, 16.94457439994285], [-96.28434206022978, 16.949128109797847], [-96.2895968895986, 16.95030128968541], [-96.31470023022057, 16.875277749956002], [-96.31321365998755, 16.872768799870858], [-96.31087382023348, 16.872810000171008], [-96.32496934036763, 16.85832254040317], [-96.33324206005516, 16.87477921975655], [-96.35374198036946, 16.886294739854392], [-96.37531805956604, 16.893009890323693], [-96.39380105961294, 16.900879630164184], [-96.4077874596055, 16.910998229895096], [-96.41521687986096, 16.91854222967205], [-96.41698651012922, 16.92132117003579], [-96.41638992000885, 16.9238791997381], [-96.41384336966499, 16.922814399556536], [-96.41088568999872, 16.932000080144896], [-96.41323382011564, 16.931348280436776], [-96.4230768897837, 16.945571970359666], [-96.40893560048103, 16.95197588964269], [-96.37921714991438, 16.979986259796387], [-96.36596468953627, 16.995171150006158], [-96.32455508962478, 16.98524487965768], [-96.33282027953386, 17.03225054039466], [-96.32852996976422, 17.02988083029032], [-96.32475716999002, 17.030728630200567], [-96.31835116982684, 17.02933308995426], [-96.30708057044977, 17.031325570283688], [-96.30279724983133, 17.036310370026005], [-96.30230740022755, 17.040071739594374], [-96.29642819974075, 17.04348458038959], [-96.29719465001347, 17.045187579590444], [-96.29467574997614, 17.047179309776038], [-96.29654706045743, 17.050601550026485], [-96.2929461396453, 17.056108479577862], [-96.28369925979723, 17.058044019721997], [-96.27662848035206, 17.06360195017273], [-96.26189291009072, 17.067636509993083], [-96.25715565979877, 17.07221248966664], [-96.24200648009786, 17.077084059564918]]]}}, {"type": "Feature", "properties": {"cve_mun": "20333", "municipio": "San Pedro Totol\u00e1pam", "region": "valles_centrales", "area_km2": 403.07, "agave_2015_ha": 0.0, "agave_2016_ha": 0.0, "agave_2017_ha": 0.0, "agave_2018_ha": 0.0, "agave_2019_ha": 0.0, "agave_2020_ha": 0.0, "agave_2021_ha": 0.0, "agave_2022_ha": 0.0, "agave_2023_ha": 0.0, "agave_2024_ha": 0.0, "agave_2025_ha": 0.0, "distrito_v11": "tlacolula"}, "geometry": {"type": "Polygon", "coordinates": [[[-96.28402174042094, 16.748210090145047], [-96.25122942003416, 16.715031260096758], [-96.23023275011593, 16.702080819934363], [-96.2001436896298, 16.722566629895354], [-96.17998027986661, 16.730124110290035], [-96.16501910987095, 16.730320220341817], [-96.14045538007318, 16.737206380353307], [-96.14197168983965, 16.731081290374192], [-96.10996989039214, 16.692680380123655], [-96.09958014976624, 16.67002531028127], [-96.08395129001313, 16.647213340225818], [-96.08262243009194, 16.64745148035179], [-96.07925022035322, 16.64043856994106], [-96.0751094195921, 16.638667450147764], [-96.06975719954195, 16.63923197017495], [-96.06685434037567, 16.641540080278588], [-96.06371537031953, 16.638358889650835], [-96.12642789041973, 16.580621399741563], [-96.16926440040795, 16.5675072598484], [-96.2018822793014, 16.621996550821773], [-96.25680311995836, 16.60148923015673], [-96.27598974021232, 16.596434950225547], [-96.27712401988734, 16.598702649544833], [-96.31292009005456, 16.61712268002448], [-96.32899654995057, 16.621525260169744], [-96.34752308998493, 16.633025880330255], [-96.3614941197457, 16.645873939815708], [-96.39696833999692, 16.67038330962425], [-96.41522791025642, 16.677468779918648], [-96.40388351997144, 16.697142030052063], [-96.39483467957996, 16.69440157022269], [-96.37735681966375, 16.69673828032042], [-96.35076256958406, 16.70964987990256], [-96.32180929043335, 16.738343449888763], [-96.31343858001465, 16.748653579667025], [-96.30759846022173, 16.746122740365077], [-96.28402174042094, 16.748210090145047]]]}}, {"type": "Feature", "properties": {"cve_mun": "20316", "municipio": "San Pedro M\u00e1rtir Quiechapa", "region": "valles_centrales", "area_km2": 121.53, "agave_2015_ha": 0.0, "agave_2016_ha": 0.0, "agave_2017_ha": 0.0, "agave_2018_ha": 0.0, "agave_2019_ha": 0.0, "agave_2020_ha": 0.0, "agave_2021_ha": 0.0, "agave_2022_ha": 0.0, "agave_2023_ha": 0.0, "agave_2024_ha": 0.0, "agave_2025_ha": 0.0, "distrito_v11": "yautepec"}, "geometry": {"type": "Polygon", "coordinates": [[[-96.25946365012011, 16.53289214967637], [-96.2682672495352, 16.527835691304293], [-96.24695948021353, 16.504648419629238], [-96.24739110997761, 16.501327339900843], [-96.22607521907015, 16.464057090946987], [-96.20318231987127, 16.436077710880273], [-96.18716331007542, 16.422877050436398], [-96.19897771989403, 16.387043970896794], [-96.23979827960655, 16.388633780263287], [-96.25387904969881, 16.383092481138963], [-96.29552473987856, 16.391995679813316], [-96.29510729044274, 16.394783279701837], [-96.29276781978669, 16.39541645970502], [-96.29421445011702, 16.398936319747524], [-96.29284535002584, 16.400578710282076], [-96.2990308795748, 16.409707119663167], [-96.299548939596, 16.416230050095646], [-96.30399643022214, 16.41998495005338], [-96.30356011960421, 16.421659179719047], [-96.31011851018233, 16.42954931009849], [-96.30760122968732, 16.43802106029564], [-96.31001773963986, 16.44611368995395], [-96.30741113999565, 16.44789371967928], [-96.29099022004937, 16.439572800109094], [-96.28985297960313, 16.468779289566488], [-96.2841678502079, 16.52218153967202], [-96.27992386023959, 16.5360080202166], [-96.25946365012011, 16.53289214967637]]]}}, {"type": "Feature", "properties": {"cve_mun": "20319", "municipio": "San Pedro Mixtepec", "region": "costa", "area_km2": 155.43, "agave_2015_ha": 0.0, "agave_2016_ha": 0.0, "agave_2017_ha": 0.0, "agave_2018_ha": 0.0, "agave_2019_ha": 0.0, "agave_2020_ha": 0.0, "agave_2021_ha": 0.0, "agave_2022_ha": 0.0, "agave_2023_ha": 0.0, "agave_2024_ha": 0.0, "agave_2025_ha": 0.0, "distrito_v11": "miahuatlan"}, "geometry": {"type": "Polygon", "coordinates": [[[-96.25703797987518, 16.28569806026481], [-96.24251714961513, 16.275017940996065], [-96.23499848914273, 16.276026261059716], [-96.23072158045214, 16.279088819894923], [-96.22321892037854, 16.2797059504479], [-96.20900769009101, 16.273509659556225], [-96.20296217020407, 16.267944850787845], [-96.1843557704085, 16.25855483108183], [-96.17444982973664, 16.243513420394972], [-96.17494347884708, 16.228621650779772], [-96.17815579919207, 16.223385259805255], [-96.16377779941355, 16.208175660601274], [-96.13164065027225, 16.20158402091202], [-96.1026099095471, 16.162550320001706], [-96.12058864963592, 16.1500704299351], [-96.14873556996983, 16.1536066502559], [-96.17200915024118, 16.16247533990225], [-96.1797288802801, 16.162699030358628], [-96.19339413990899, 16.16988911978003], [-96.20747242981469, 16.164425289753886], [-96.21067154047009, 16.170135199699732], [-96.21757821964394, 16.173636880316117], [-96.2173518302248, 16.185261689957752], [-96.25010702025085, 16.186708019730336], [-96.25410528002345, 16.19288556983512], [-96.26482731028831, 16.196313800198947], [-96.26934670969987, 16.222307800015397], [-96.27696034000435, 16.233009320010908], [-96.27810919982245, 16.23771412029421], [-96.29180842989848, 16.24832774037553], [-96.28954036975395, 16.252741519807437], [-96.2894248298759, 16.25716150987168], [-96.29099501992395, 16.26345961969017], [-96.29712122026051, 16.267786969991516], [-96.29438614013125, 16.274482199594402], [-96.2948313800229, 16.279241489935927], [-96.2992446499652, 16.28908485032966], [-96.2966169498147, 16.296900429592256], [-96.29723491005696, 16.300722780228504], [-96.29664814953108, 16.30195880032402], [-96.29500496958998, 16.301288180500215], [-96.288201688816, 16.28975175044725], [-96.27606874902875, 16.284889851005087], [-96.25703797987518, 16.28569806026481]]]}}, {"type": "Feature", "properties": {"cve_mun": "20325", "municipio": "San Pedro Quiatoni", "region": "valles_centrales", "area_km2": 565.71, "agave_2015_ha": 0.0, "agave_2016_ha": 0.0, "agave_2017_ha": 0.0, "agave_2018_ha": 0.0, "agave_2019_ha": 0.0, "agave_2020_ha": 0.0, "agave_2021_ha": 0.0, "agave_2022_ha": 0.0, "agave_2023_ha": 0.0, "agave_2024_ha": 0.0, "agave_2025_ha": 0.0, "distrito_v11": "tlacolula"}, "geometry": {"type": "Polygon", "coordinates": [[[-96.08842068983128, 16.898372940451313], [-96.08199408010216, 16.897602049784275], [-96.08061610957229, 16.894696821130914], [-96.07203182993055, 16.889567830702326], [-96.06773525991935, 16.891969479618822], [-96.06101952030525, 16.889745200004672], [-96.05683230976881, 16.891287450151495], [-96.05412002002215, 16.88930031040714], [-96.01706598018892, 16.87994048059948], [-95.9890467701926, 16.886468140019225], [-95.98770322027762, 16.888594290579466], [-95.98179534044819, 16.891344089892357], [-95.9757977800408, 16.8859922797424], [-95.97160534037435, 16.879265970374526], [-95.96902254963851, 16.877948079765396], [-95.96720940009673, 16.878953580073365], [-95.96439971030854, 16.87680522986788], [-95.96690251997258, 16.87552222026661], [-95.97649070967469, 16.85960533975599], [-95.97154329015429, 16.844659909981658], [-95.95688806033554, 16.832898380252075], [-95.95090956957526, 16.82436851021572], [-95.94189542956359, 16.81625228954988], [-95.92475438005671, 16.803964830210862], [-95.9154182800603, 16.799811769730393], [-95.90734397032541, 16.792712380121902], [-95.91278418022333, 16.76788004982386], [-95.90964849040991, 16.747272089906993], [-95.91613411908021, 16.732951120422047], [-95.91405845953676, 16.725091820090505], [-95.91807881862283, 16.704294180350754], [-95.93048713991801, 16.678461739831814], [-95.9464785802348, 16.66155711963373], [-95.95472975009908, 16.657940649598103], [-95.98325083035243, 16.650944179861973], [-96.00173526045397, 16.65092091967499], [-96.01039123036286, 16.652420149985666], [-96.03360165025639, 16.632291720556594], [-96.04475717959761, 16.631234370328123], [-96.0641099803278, 16.638098600143355], [-96.06685434037567, 16.641540080278588], [-96.06975719954195, 16.63923197017495], [-96.0751094195921, 16.638667450147764], [-96.07925022035322, 16.64043856994106], [-96.08262243009194, 16.64745148035179], [-96.08395129001313, 16.647213340225818], [-96.09958014976624, 16.67002531028127], [-96.10996989039214, 16.692680380123655], [-96.14197168983965, 16.731081290374192], [-96.14045538007318, 16.737206380353307], [-96.14614523016895, 16.798462140095836], [-96.15017045045592, 16.810988029804147], [-96.15092047996335, 16.825230169913127], [-96.15844611035668, 16.84929337003995], [-96.16802945953474, 16.857361370313402], [-96.13632877992627, 16.864787020068718], [-96.12388868994896, 16.872666149887795], [-96.11260007984718, 16.882926350442382], [-96.10525393969252, 16.886058120332045], [-96.08842068983128, 16.898372940451313]]]}}, {"type": "Feature", "properties": {"cve_mun": "20343", "municipio": "San Sebasti\u00e1n Abasolo", "region": "valles_centrales", "area_km2": 15.4, "agave_2015_ha": 0.0, "agave_2016_ha": 0.0, "agave_2017_ha": 0.0, "agave_2018_ha": 0.0, "agave_2019_ha": 0.0, "agave_2020_ha": 0.0, "agave_2021_ha": 0.0, "agave_2022_ha": 0.0, "agave_2023_ha": 0.0, "agave_2024_ha": 0.0, "agave_2025_ha": 0.0, "distrito_v11": "tlacolula"}, "geometry": {"type": "Polygon", "coordinates": [[[-96.594068186898, 17.006676872652804], [-96.59511279942252, 17.003103830525802], [-96.59236697998199, 17.0022410008094], [-96.59117424972784, 17.006336079590294], [-96.58326414002416, 17.00386567989573], [-96.57984317937698, 17.001216819968782], [-96.5776768897309, 16.989569770815642], [-96.57159694013887, 16.980923420125755], [-96.57020488015162, 16.970640290014384], [-96.59400127900626, 16.977738770090955], [-96.5969055201192, 16.96636643006361], [-96.606944509563, 16.968518510116887], [-96.61064931966457, 16.971793979718033], [-96.62812262024772, 16.975431490164578], [-96.65091074033413, 16.977814220356603], [-96.6556064899596, 16.986158510203005], [-96.62598882024902, 16.987550199564055], [-96.6257914000507, 16.980116349653233], [-96.61698072041031, 16.979546689968675], [-96.61131157978701, 16.979362430229276], [-96.610781739587, 16.98349212017263], [-96.60608662964847, 16.981808119727603], [-96.60788615045514, 16.981120199649485], [-96.60525418007488, 16.9706723799941], [-96.60224351960684, 16.9836902200829], [-96.60012256972135, 16.983126249946384], [-96.5988793695906, 16.986810949807484], [-96.60249996973224, 16.987903280383883], [-96.602508630155, 16.9904922004547], [-96.60691809002871, 16.99440468030322], [-96.60542274046165, 16.998966049796255], [-96.60196344904462, 16.99811225114395], [-96.5998999795885, 17.00440697180198], [-96.60122442041032, 17.005255369636583], [-96.594068186898, 17.006676872652804]]]}}, {"type": "Feature", "properties": {"cve_mun": "20344", "municipio": "San Sebasti\u00e1n Coatl\u00e1n", "region": "costa", "area_km2": 208.08, "agave_2015_ha": 0.0, "agave_2016_ha": 0.0, "agave_2017_ha": 0.0, "agave_2018_ha": 0.0, "agave_2019_ha": 0.0, "agave_2020_ha": 0.0, "agave_2021_ha": 0.0, "agave_2022_ha": 0.0, "agave_2023_ha": 0.0, "agave_2024_ha": 0.0, "agave_2025_ha": 0.0, "distrito_v11": "miahuatlan"}, "geometry": {"type": "Polygon", "coordinates": [[[-96.80781325957898, 16.213157179792702], [-96.81624537983242, 16.18587622044292], [-96.8112885801094, 16.17827641988605], [-96.8116830295709, 16.175969580390678], [-96.81721099984262, 16.170594860158463], [-96.83381725014361, 16.08960085044707], [-96.83689002023537, 16.088571849592437], [-96.8461679802477, 16.089750799660724], [-96.85208059953143, 16.09239162039719], [-96.85677640031349, 16.10176511991415], [-96.86080319975557, 16.09658637016398], [-96.86049737013539, 16.094524399672885], [-96.86613305964677, 16.088745579842037], [-96.87673031970805, 16.08698550963989], [-96.88187647966818, 16.082866879876278], [-96.88158482980033, 16.081494939777016], [-96.86992711044167, 16.078769289942556], [-96.86749568977227, 16.075783079570332], [-96.86015202968917, 16.075561490264615], [-96.86380112003556, 16.070316379808087], [-96.86280207979098, 16.067971740360036], [-96.8649135798944, 16.06182582009759], [-96.8607483797753, 16.054671150346476], [-96.86085762036835, 16.048767429877604], [-96.8574375796527, 16.045266479955572], [-96.85864588000209, 16.039545049622195], [-96.86111337968843, 16.038174340232192], [-96.86635591004425, 16.039955230206328], [-96.86936502971444, 16.03914329023301], [-96.8749189796083, 16.03048863031357], [-96.8547740602677, 16.03196429041194], [-96.8500719095405, 16.029614309993615], [-96.8502482497431, 16.02505335003636], [-96.84652950969353, 16.024016749958413], [-96.84392832013013, 16.017256819599], [-96.84693138002598, 16.010919849991602], [-96.84363787993445, 16.00904256964205], [-96.84043209044198, 16.010644079923196], [-96.83750798011283, 16.00690933963387], [-96.83790313957786, 16.00454558033906], [-96.8424668602568, 16.004707110169743], [-96.84422664995475, 16.000932769697663], [-96.84126865044756, 16.000622450327864], [-96.84018522995598, 16.002259050230627], [-96.83440473996758, 16.000790879889223], [-96.8345347195295, 15.998329880290127], [-96.83771821976983, 15.997272920099014], [-96.83733042020917, 15.988782229655753], [-96.82653360038218, 15.97649602974492], [-96.83008609025565, 15.97457067985581], [-96.82742189045342, 15.970638580192182], [-96.83174826002161, 15.96684652023734], [-96.82875763031663, 15.960934999896013], [-96.8538654200225, 15.966178600801307], [-96.86838410999462, 15.964815109815222], [-96.89489637972781, 15.96872482076948], [-96.90346632020174, 16.000923139943602], [-96.9086603198274, 16.012869680024966], [-96.93446584966516, 16.019243720214185], [-96.93343033968496, 16.021633619725883], [-96.9556885701071, 16.029829880137232], [-96.9561606898916, 16.03229033972809], [-96.9495025997028, 16.040662979626028], [-96.94267226031441, 16.056326399686807], [-96.92839368989124, 16.076729119988414], [-96.90981957008415, 16.094104140453055], [-96.9089952597907, 16.104789849607837], [-96.90040895044557, 16.11898498040008], [-96.89324378039787, 16.136813379816243], [-96.8641983695225, 16.184544890396253], [-96.86255659984354, 16.19061814023122], [-96.86455848040774, 16.20515753992645], [-96.86234252003075, 16.211689719988176], [-96.86360062027994, 16.212369629821293], [-96.85778334992936, 16.215028060431457], [-96.85867105026011, 16.216577430195013], [-96.84999566016278, 16.23111021973199], [-96.85042626028267, 16.24607945968339], [-96.81500028015206, 16.216737110379352], [-96.80781325957898, 16.213157179792702]]]}}, {"type": "Feature", "properties": {"cve_mun": "20356", "municipio": "Santa Ana del Valle", "region": "sierra_norte", "area_km2": 27.93, "agave_2015_ha": 0.0, "agave_2016_ha": 0.0, "agave_2017_ha": 0.0, "agave_2018_ha": 0.0, "agave_2019_ha": 0.0, "agave_2020_ha": 0.0, "agave_2021_ha": 0.0, "agave_2022_ha": 0.0, "agave_2023_ha": 0.0, "agave_2024_ha": 0.0, "agave_2025_ha": 0.0, "distrito_v11": "tlacolula"}, "geometry": {"type": "Polygon", "coordinates": [[[-96.44071917012744, 17.014175750370736], [-96.45104043017817, 16.98479555003606], [-96.46247156962569, 16.984958860024737], [-96.48376297882918, 16.98231157047682], [-96.49688307994072, 16.987051679767724], [-96.46692415015167, 17.051401630199344], [-96.46210625025898, 17.04639337007163], [-96.4460529499777, 17.037672660211367], [-96.4401134897605, 17.027855489713758], [-96.44303645042127, 17.016918659869777], [-96.44071917012744, 17.014175750370736]]]}}, {"type": "Feature", "properties": {"cve_mun": "20357", "municipio": "Santa Ana Tavela", "region": "valles_centrales", "area_km2": 172.95, "agave_2015_ha": 0.0, "agave_2016_ha": 0.0, "agave_2017_ha": 0.0, "agave_2018_ha": 0.0, "agave_2019_ha": 0.0, "agave_2020_ha": 0.0, "agave_2021_ha": 0.0, "agave_2022_ha": 0.0, "agave_2023_ha": 0.0, "agave_2024_ha": 0.0, "agave_2025_ha": 0.0, "distrito_v11": "yautepec"}, "geometry": {"type": "Polygon", "coordinates": [[[-95.88076065020296, 16.660811600038443], [-95.82097759969805, 16.619148179997502], [-95.81705013887478, 16.59831998019921], [-95.80815496955003, 16.592185319640176], [-95.80373439906596, 16.58260769057123], [-95.80502959902591, 16.577943659835583], [-95.80302371001129, 16.572894549780923], [-95.83840131881826, 16.543912941209385], [-95.83820351988442, 16.53516528997384], [-95.8505280497897, 16.528924650033563], [-95.85926993986365, 16.518633490332878], [-95.87030531973834, 16.530162119857508], [-95.91824058021254, 16.562670490257947], [-95.94157405979036, 16.559787119566213], [-95.92956734040591, 16.58807034045255], [-95.92942132047176, 16.59782694987025], [-95.94927468045498, 16.61690058010228], [-95.9522606499933, 16.630546080015108], [-95.95685997001465, 16.6270283495876], [-95.95709128955679, 16.6410754312593], [-95.95472975009908, 16.657940649598103], [-95.9464785802348, 16.66155711963373], [-95.93048713991801, 16.678461739831814], [-95.923842939696, 16.6942931803157], [-95.91894351024706, 16.69356128007787], [-95.91474978015599, 16.684619911217347], [-95.8898796596393, 16.670202490148196], [-95.88076065020296, 16.660811600038443]]]}}, {"type": "Feature", "properties": {"cve_mun": "20347", "municipio": "San Sebasti\u00e1n R\u00edo Hondo", "region": "costa", "area_km2": 106.73, "agave_2015_ha": 0.0, "agave_2016_ha": 0.0, "agave_2017_ha": 0.0, "agave_2018_ha": 0.0, "agave_2019_ha": 0.0, "agave_2020_ha": 0.0, "agave_2021_ha": 0.0, "agave_2022_ha": 0.0, "agave_2023_ha": 0.0, "agave_2024_ha": 0.0, "agave_2025_ha": 0.0, "distrito_v11": "miahuatlan"}, "geometry": {"type": "Polygon", "coordinates": [[[-96.40149531918827, 16.257735551277364], [-96.39626191005952, 16.255810081208796], [-96.38543837940895, 16.243142631107816], [-96.38323194047122, 16.236958309655815], [-96.38600399887083, 16.2298333506538], [-96.37941031895478, 16.21685295054307], [-96.35721445995293, 16.212996650061548], [-96.35687191015614, 16.21034199981063], [-96.35955671037976, 16.205582999790217], [-96.35416522023718, 16.20016077991462], [-96.35883425019279, 16.195202280082295], [-96.36282961952317, 16.194311310283894], [-96.3733373104034, 16.185632350304758], [-96.37843906001179, 16.175797090184783], [-96.3771734904332, 16.16801332017625], [-96.40288882008952, 16.157344179562816], [-96.40754369004672, 16.157175399902474], [-96.41094362984761, 16.154233450174058], [-96.41519028001368, 16.154132340229193], [-96.42428902028517, 16.147129349708212], [-96.42932703004878, 16.140474659655123], [-96.43037277036063, 16.147918030309576], [-96.43251227997703, 16.150955200411218], [-96.43177157996678, 16.157586109567237], [-96.43497651994663, 16.159071180072775], [-96.43801859998393, 16.163462029938636], [-96.44142211959529, 16.171577969699594], [-96.44872338002428, 16.17682528964758], [-96.45647851997758, 16.175980679585596], [-96.46970299958875, 16.181703149649202], [-96.47585331019323, 16.17912949020182], [-96.47900633991114, 16.182759829869394], [-96.48584765017974, 16.18526094997015], [-96.48405455027456, 16.186684369848383], [-96.48509700025274, 16.1890266898057], [-96.48375837041405, 16.1917185202099], [-96.48551678024769, 16.203495579755806], [-96.48448682022256, 16.209064509883152], [-96.48705241986328, 16.213477140005324], [-96.4844878502373, 16.22622085002297], [-96.46581686026387, 16.2383775701526], [-96.46162513933444, 16.247411479722032], [-96.44368526004162, 16.2387419809884], [-96.43255042015913, 16.256773050747807], [-96.42031645004742, 16.24722871992424], [-96.41550290966049, 16.24956343049041], [-96.4104212787291, 16.25562349017108], [-96.40750134934206, 16.262736920664675], [-96.40149531918827, 16.257735551277364]]]}}, {"type": "Feature", "properties": {"cve_mun": "20349", "municipio": "San Sebasti\u00e1n Teitipac", "region": "valles_centrales", "area_km2": 30.55, "agave_2015_ha": 0.0, "agave_2016_ha": 0.0, "agave_2017_ha": 0.0, "agave_2018_ha": 0.0, "agave_2019_ha": 0.0, "agave_2020_ha": 0.0, "agave_2021_ha": 0.0, "agave_2022_ha": 0.0, "agave_2023_ha": 0.0, "agave_2024_ha": 0.0, "agave_2025_ha": 0.0, "distrito_v11": "tlacolula"}, "geometry": {"type": "Polygon", "coordinates": [[[-96.64484659996431, 16.977551880187097], [-96.61064931966457, 16.971793979718033], [-96.606944509563, 16.968518510116887], [-96.5969055201192, 16.96636643006361], [-96.60300597968633, 16.942492969913452], [-96.62015296965939, 16.94101532021144], [-96.62088537952366, 16.938444140403767], [-96.62247951029154, 16.93826577968469], [-96.62275037994105, 16.93257562012529], [-96.62546426020226, 16.931615369859497], [-96.62563124983754, 16.92386199977153], [-96.63053551996877, 16.91910508009615], [-96.64800468015491, 16.925405179744228], [-96.6584733701816, 16.926255349954616], [-96.66024119907632, 16.947070490221364], [-96.65865088870648, 16.95674857999661], [-96.65987376913586, 16.969910059853778], [-96.65489565878633, 16.977299519711092], [-96.64484659996431, 16.977551880187097]]]}}, {"type": "Feature", "properties": {"cve_mun": "20351", "municipio": "San Sim\u00f3n Almolongas", "region": "sierra_sur", "area_km2": 51.0, "agave_2015_ha": 0.0, "agave_2016_ha": 0.0, "agave_2017_ha": 0.0, "agave_2018_ha": 0.0, "agave_2019_ha": 0.0, "agave_2020_ha": 0.0, "agave_2021_ha": 0.0, "agave_2022_ha": 0.0, "agave_2023_ha": 0.0, "agave_2024_ha": 0.0, "agave_2025_ha": 0.0, "distrito_v11": "miahuatlan"}, "geometry": {"type": "Polygon", "coordinates": [[[-96.68743079873943, 16.463943180206286], [-96.68690187901892, 16.46268361974928], [-96.68526285006587, 16.463680449605107], [-96.68525039935157, 16.4623463810277], [-96.68028125902651, 16.463355751054785], [-96.67829310941896, 16.461334110565975], [-96.679574999222, 16.46041694084182], [-96.67685019862205, 16.46056668087286], [-96.6699067395719, 16.456203951333002], [-96.67286002998102, 16.436091021000856], [-96.68296671002496, 16.42238285113011], [-96.69989551018926, 16.440346140290725], [-96.70116904958583, 16.440014920837026], [-96.7037172191929, 16.428711889991032], [-96.70148453967498, 16.42776941986734], [-96.70755377940978, 16.42084103108435], [-96.70332987984654, 16.41909710973341], [-96.7045248491798, 16.41563851123721], [-96.69981922962614, 16.40937992133028], [-96.69936588040514, 16.406221060006555], [-96.6965868801723, 16.40648412009863], [-96.69690374989231, 16.398328850298896], [-96.69924985956155, 16.39375262038559], [-96.69766237039126, 16.38985407967579], [-96.70137036989453, 16.384503060317922], [-96.70631681968632, 16.382409080402354], [-96.70681342967393, 16.37981692018396], [-96.71008731952902, 16.37794018025596], [-96.71442603022166, 16.371849779970884], [-96.72501882042059, 16.369492890466983], [-96.72873991994815, 16.364401739604133], [-96.73174646037108, 16.36390114108224], [-96.73130572041724, 16.36140293958009], [-96.73572844992903, 16.36364737018156], [-96.7376883100989, 16.36275378009447], [-96.7375915402335, 16.359951310434315], [-96.74795234007384, 16.3616708897495], [-96.75233605010109, 16.363415490426124], [-96.75138366021979, 16.36447342992632], [-96.76150914008184, 16.36649543019559], [-96.76076002980477, 16.36919122050376], [-96.76286810963151, 16.371217379701058], [-96.78270058012018, 16.37305477982268], [-96.78516348972786, 16.371153599917463], [-96.78677877026595, 16.383051830187327], [-96.78620210975146, 16.398525280282247], [-96.7785470500143, 16.397013569770646], [-96.77797220024478, 16.39853237031855], [-96.7718348795365, 16.398393780364575], [-96.76740911986799, 16.39765553985576], [-96.76469511041667, 16.395456139653675], [-96.75316438001512, 16.39438007980618], [-96.75282748023322, 16.397769249818015], [-96.75006162959076, 16.397501660322252], [-96.74796214995696, 16.39923331973044], [-96.7469050296882, 16.405971909837852], [-96.73564522983781, 16.408393309835326], [-96.73627082010218, 16.410274720070674], [-96.72821968973318, 16.42131792017767], [-96.72830112030513, 16.42435274031353], [-96.72490757007958, 16.42492074994148], [-96.71623659892992, 16.42110218063639], [-96.71342282903856, 16.41822590963842], [-96.70822627972105, 16.417364369579627], [-96.70966325906262, 16.41809785048887], [-96.70988613950848, 16.421346450729875], [-96.70717631947194, 16.433005630437048], [-96.70482510959802, 16.435208549916286], [-96.70560084890394, 16.437316539768588], [-96.70327377037167, 16.44042763064855], [-96.70467068039068, 16.441579911267766], [-96.70297601912067, 16.443992550650044], [-96.70424338043577, 16.449047340394696], [-96.68743079873943, 16.463943180206286]]]}}, {"type": "Feature", "properties": {"cve_mun": "20353", "municipio": "Santa Ana", "region": "sierra_sur", "area_km2": 55.0, "agave_2015_ha": 0.0, "agave_2016_ha": 0.0, "agave_2017_ha": 0.0, "agave_2018_ha": 0.0, "agave_2019_ha": 0.0, "agave_2020_ha": 0.0, "agave_2021_ha": 0.0, "agave_2022_ha": 0.0, "agave_2023_ha": 0.0, "agave_2024_ha": 0.0, "agave_2025_ha": 0.0, "distrito_v11": "miahuatlan"}, "geometry": {"type": "Polygon", "coordinates": [[[-96.71442603022166, 16.371849779970884], [-96.71324189023053, 16.36492429117874], [-96.71038938017047, 16.36368775002027], [-96.70902642006122, 16.356323369891783], [-96.69539417954879, 16.35301065041938], [-96.69292650983277, 16.350031460381548], [-96.70014709023904, 16.353192369656988], [-96.70302729003853, 16.352846889798958], [-96.70221187984357, 16.350148920149874], [-96.69910114020165, 16.34934125983923], [-96.700539519996, 16.341055381148184], [-96.69046482046254, 16.335381479750943], [-96.68691015044104, 16.326029649697993], [-96.68966127995179, 16.30881772037138], [-96.70226960034638, 16.29607942972083], [-96.71894978036207, 16.287335830553427], [-96.71283803009399, 16.298055092139233], [-96.71841554931932, 16.300917600971744], [-96.73518675003531, 16.30445426085177], [-96.7401881498132, 16.290814689941957], [-96.763160510287, 16.335190150244806], [-96.7757342002693, 16.347588511071024], [-96.78081194033086, 16.372827220551983], [-96.76286810963151, 16.371217379701058], [-96.76076002980477, 16.36919122050376], [-96.76150914008184, 16.36649543019559], [-96.75138366021979, 16.36447342992632], [-96.75233605010109, 16.363415490426124], [-96.74795234007384, 16.3616708897495], [-96.7375915402335, 16.359951310434315], [-96.7376883100989, 16.36275378009447], [-96.73572844992903, 16.36364737018156], [-96.73130572041724, 16.36140293958009], [-96.73174646037108, 16.36390114108224], [-96.72873991994815, 16.364401739604133], [-96.72501882042059, 16.369492890466983], [-96.71442603022166, 16.371849779970884]]]}}, {"type": "Feature", "properties": {"cve_mun": "20361", "municipio": "Santa Catalina Quier\u00ed", "region": "valles_centrales", "area_km2": 51.43, "agave_2015_ha": 0.0, "agave_2016_ha": 0.0, "agave_2017_ha": 0.0, "agave_2018_ha": 0.0, "agave_2019_ha": 0.0, "agave_2020_ha": 0.0, "agave_2021_ha": 0.0, "agave_2022_ha": 0.0, "agave_2023_ha": 0.0, "agave_2024_ha": 0.0, "agave_2025_ha": 0.0, "distrito_v11": "yautepec"}, "geometry": {"type": "Polygon", "coordinates": [[[-96.27836096990612, 16.364270061076255], [-96.26178105003204, 16.3465324301201], [-96.23375874972103, 16.33554338022909], [-96.2277565687457, 16.336047050368446], [-96.20428188900544, 16.3558473412948], [-96.19991231933857, 16.33816431110148], [-96.19577417867289, 16.333712371235258], [-96.19087748955414, 16.318277321027296], [-96.19679958014923, 16.31359977125598], [-96.19230967884776, 16.30099177049494], [-96.21011220019729, 16.279215030312255], [-96.21773986040563, 16.28446925098468], [-96.2214309996763, 16.291448089589217], [-96.22620016991802, 16.29268986037081], [-96.23595482896683, 16.3029342803808], [-96.23777996997006, 16.312297520511432], [-96.24287375005059, 16.31455366027638], [-96.26136259939283, 16.313236199747468], [-96.27160490909752, 16.31662858010875], [-96.27496133909294, 16.322502771305107], [-96.27767320009977, 16.322763551176894], [-96.28009041887456, 16.327877349568432], [-96.27849868870211, 16.331899030781628], [-96.28211079985758, 16.340900431226636], [-96.28652851982606, 16.34327140096237], [-96.2871509388752, 16.346431950185334], [-96.29405091009859, 16.349292480730554], [-96.29735957993526, 16.36098457956147], [-96.3046779802695, 16.362558830324215], [-96.30497028035583, 16.37587362025001], [-96.30233705971048, 16.379470079980916], [-96.30042483015235, 16.387338150290816], [-96.29552473987856, 16.391995679813316], [-96.29279224867766, 16.38960606017536], [-96.28761504934091, 16.373553691139854], [-96.28401247941417, 16.367271861056004], [-96.27836096990612, 16.364270061076255]]]}}, {"type": "Feature", "properties": {"cve_mun": "20362", "municipio": "Santa Catarina Cuixtla", "region": "costa", "area_km2": 25.7, "agave_2015_ha": 0.0, "agave_2016_ha": 0.0, "agave_2017_ha": 0.0, "agave_2018_ha": 0.0, "agave_2019_ha": 0.0, "agave_2020_ha": 0.0, "agave_2021_ha": 0.0, "agave_2022_ha": 0.0, "agave_2023_ha": 0.0, "agave_2024_ha": 0.0, "agave_2025_ha": 0.0, "distrito_v11": "miahuatlan"}, "geometry": {"type": "Polygon", "coordinates": [[[-96.6281380793624, 16.329373199727897], [-96.62407181896536, 16.314789740369037], [-96.62509671008274, 16.296948691160594], [-96.6215770197421, 16.292656309784437], [-96.63790264920723, 16.283403999886136], [-96.6446369797635, 16.26682434129929], [-96.6498513988134, 16.26649843025131], [-96.65964128883866, 16.262760850179156], [-96.66979503011473, 16.261805580842083], [-96.66965411988825, 16.26403541969736], [-96.67553432019847, 16.268855350837242], [-96.66861911002867, 16.274483831256024], [-96.67163922892931, 16.2772099112361], [-96.67815162045594, 16.27844064991541], [-96.67853461882565, 16.280091059815504], [-96.67172127860906, 16.283010629857284], [-96.66424204984483, 16.282126889727504], [-96.66113140022803, 16.28541111018039], [-96.66687267941253, 16.28865951042805], [-96.67610342988385, 16.291001310011065], [-96.66074432013, 16.308569710317386], [-96.6583605698673, 16.313419680314023], [-96.65151282006654, 16.317507429648305], [-96.63827179997575, 16.329617420120663], [-96.6281380793624, 16.329373199727897]]]}}, {"type": "Feature", "properties": {"cve_mun": "20384", "municipio": "Santa Cruz Xitla", "region": "sierra_sur", "area_km2": 57.15, "agave_2015_ha": 0.0, "agave_2016_ha": 0.0, "agave_2017_ha": 0.0, "agave_2018_ha": 0.0, "agave_2019_ha": 0.0, "agave_2020_ha": 0.0, "agave_2021_ha": 0.0, "agave_2022_ha": 0.0, "agave_2023_ha": 0.0, "agave_2024_ha": 0.0, "agave_2025_ha": 0.0, "distrito_v11": "miahuatlan"}, "geometry": {"type": "Polygon", "coordinates": [[[-96.68467387954644, 16.38344510992008], [-96.67808384913215, 16.381582141252135], [-96.67705233886603, 16.379197979931494], [-96.67521070999543, 16.3804953201004], [-96.67297362944328, 16.37937143049693], [-96.66919582959154, 16.380273631068263], [-96.67163177942788, 16.374486691132994], [-96.67427589035842, 16.37242978027458], [-96.67661054992303, 16.36376543095379], [-96.67216976875198, 16.35849257032941], [-96.66687464881855, 16.365407910857524], [-96.66150371910886, 16.361138780523618], [-96.6615213792057, 16.365369291058542], [-96.65894604905517, 16.366405889621305], [-96.65760596985585, 16.37050075091155], [-96.6531664595988, 16.37147291967089], [-96.6492133198412, 16.3705067408459], [-96.65042588956538, 16.368284740067423], [-96.64655327989149, 16.365065750046583], [-96.64532518015473, 16.3606706497861], [-96.63929381967871, 16.356670570330383], [-96.63187755022547, 16.35496652043272], [-96.64454664975065, 16.33530953985981], [-96.63827179997575, 16.329617420120663], [-96.65151282006654, 16.317507429648305], [-96.6583605698673, 16.313419680314023], [-96.66074432013, 16.308569710317386], [-96.68971257877453, 16.276806220024827], [-96.6983378803113, 16.27232028996226], [-96.71894978039644, 16.287335829652577], [-96.70226960034638, 16.29607942972083], [-96.68966127995179, 16.30881772037138], [-96.68691015044104, 16.326029649697993], [-96.69046482046254, 16.335381479750943], [-96.700539519996, 16.341055381148184], [-96.69910114020165, 16.34934125983923], [-96.70221187984357, 16.350148920149874], [-96.70302729003853, 16.352846889798958], [-96.70014709023904, 16.353192369656988], [-96.69292650983277, 16.350031460381548], [-96.69539417954879, 16.35301065041938], [-96.70902642006122, 16.356323369891783], [-96.71038938017047, 16.36368775002027], [-96.71324189023053, 16.36492429117874], [-96.71442603022166, 16.371849779970884], [-96.71008731952902, 16.37794018025596], [-96.70681342967393, 16.37981692018396], [-96.70631681968632, 16.382409080402354], [-96.70137036989453, 16.384503060317922], [-96.69858312031141, 16.387687380410924], [-96.69772608974255, 16.391055740001534], [-96.69924985956155, 16.39375262038559], [-96.6963068903314, 16.402633220809], [-96.69017357020171, 16.399028290449213], [-96.68839076986015, 16.390697939825976], [-96.68467387954644, 16.38344510992008]]]}}, {"type": "Feature", "properties": {"cve_mun": "20424", "municipio": "Santa Mar\u00eda Ozolotepec", "region": "costa", "area_km2": 146.11, "agave_2015_ha": 0.0, "agave_2016_ha": 0.0, "agave_2017_ha": 0.0, "agave_2018_ha": 0.0, "agave_2019_ha": 0.0, "agave_2020_ha": 0.0, "agave_2021_ha": 0.0, "agave_2022_ha": 0.0, "agave_2023_ha": 0.0, "agave_2024_ha": 0.0, "agave_2025_ha": 0.0, "distrito_v11": "miahuatlan"}, "geometry": {"type": "Polygon", "coordinates": [[[-96.36817853970723, 16.170410620249115], [-96.36362637992123, 16.167946569629162], [-96.35318213967179, 16.168238489555318], [-96.34853497034982, 16.164508510206424], [-96.34606600042163, 16.16533857978557], [-96.3387863997245, 16.158366880150968], [-96.33758613987706, 16.15525231020309], [-96.33478450978316, 16.153446399970782], [-96.32861864972571, 16.15326067976698], [-96.32398678035786, 16.14840590958392], [-96.31843319997617, 16.150615420263446], [-96.3195773097467, 16.145322460105376], [-96.32065769022634, 16.144643290414386], [-96.32196215024699, 16.14675570973293], [-96.32264448995579, 16.14100449000927], [-96.31327571013185, 16.13961614031437], [-96.31009992019122, 16.136060719937337], [-96.30563525994364, 16.13546178005967], [-96.30404794010886, 16.130059569932943], [-96.29836017982076, 16.13027688991043], [-96.29536698004985, 16.127844049833037], [-96.29410528008347, 16.124554920235745], [-96.30590965027399, 16.10012249015354], [-96.31149297959809, 16.092133019755394], [-96.30971712034761, 16.08846674031513], [-96.29590192024432, 16.08514462995055], [-96.30051663029323, 16.079618089795073], [-96.28648674009013, 16.060796779722665], [-96.28650363025088, 16.043694819988193], [-96.28190127961241, 16.043903109639384], [-96.27723684973067, 16.038967630136824], [-96.2837832504503, 16.03893757013407], [-96.29921843017836, 16.032462950048174], [-96.31190192007259, 16.031150910418827], [-96.31734462024697, 16.02895291987649], [-96.32012709017982, 16.030310879906335], [-96.32460971980626, 16.026129220017726], [-96.32769614963904, 16.025511180039505], [-96.33352851957213, 16.024656919915202], [-96.35064516976846, 16.02643596985375], [-96.3541300299668, 16.03158162036638], [-96.36134825027858, 16.03584973972856], [-96.36743819976549, 16.043327830261248], [-96.36842884967324, 16.053492180314723], [-96.36488840019784, 16.058512599592756], [-96.35851997030743, 16.060891979576077], [-96.3771025796749, 16.068139919806736], [-96.38169468984654, 16.078859509981154], [-96.38266803025347, 16.08711169026701], [-96.38654436979745, 16.088902710078703], [-96.39058031040422, 16.094063980177637], [-96.40019511022557, 16.097798879858367], [-96.40937253996799, 16.098517259860873], [-96.41207962984468, 16.10022944956488], [-96.41548011003637, 16.09800316978589], [-96.42550941961434, 16.09831372038871], [-96.42913670937698, 16.101297920286203], [-96.42997466023675, 16.103684890205002], [-96.42867271924364, 16.106296049633368], [-96.43188613936675, 16.108839949543555], [-96.431375879986, 16.110433250239634], [-96.43330860037182, 16.112622880289084], [-96.42083623002688, 16.112357489588163], [-96.41450267967627, 16.116583920004675], [-96.41509403044613, 16.126803620389005], [-96.40954051982305, 16.13110514010338], [-96.40992437011556, 16.13532182016944], [-96.40435726002721, 16.13897561977147], [-96.4066812502651, 16.143609630380965], [-96.40288882008952, 16.157344179562816], [-96.36817853970723, 16.170410620249115]]]}}, {"type": "Feature", "properties": {"cve_mun": "20391", "municipio": "Santa Luc\u00eda Miahuatl\u00e1n", "region": "costa", "area_km2": 70.34, "agave_2015_ha": 0.0, "agave_2016_ha": 0.0, "agave_2017_ha": 0.0, "agave_2018_ha": 0.0, "agave_2019_ha": 0.0, "agave_2020_ha": 0.0, "agave_2021_ha": 0.0, "agave_2022_ha": 0.0, "agave_2023_ha": 0.0, "agave_2024_ha": 0.0, "agave_2025_ha": 0.0, "distrito_v11": "miahuatlan"}, "geometry": {"type": "Polygon", "coordinates": [[[-96.6185926001198, 16.22792434035234], [-96.61287820024693, 16.224556450319422], [-96.60857605962134, 16.21790813996747], [-96.60361368021852, 16.216285949623813], [-96.5994736199553, 16.21271520031584], [-96.59077162976216, 16.201767289760387], [-96.58542857975728, 16.19215195034889], [-96.58388037026577, 16.157499140107053], [-96.58704049041765, 16.154419110268613], [-96.58778055029552, 16.151322540068467], [-96.59132467981864, 16.14904200002244], [-96.59212775024336, 16.143061430357232], [-96.59804660007627, 16.141213970450583], [-96.60953242035933, 16.127459909598922], [-96.61739761984357, 16.121028739645656], [-96.62159695026801, 16.113509620410813], [-96.63407231025202, 16.112696679664754], [-96.6327773800407, 16.12766638009728], [-96.63870114001472, 16.139914770178887], [-96.64660727994556, 16.145314059640693], [-96.64728503033234, 16.150190230378104], [-96.64596133961713, 16.154469890075273], [-96.64121390994434, 16.156873879595043], [-96.63834311007017, 16.16421958007522], [-96.63662271020922, 16.165056250432258], [-96.63679257021121, 16.17145565984621], [-96.64836378011378, 16.176474089612846], [-96.65196774998417, 16.180704799671666], [-96.64926862960164, 16.18363501965656], [-96.64566222012652, 16.195412450070897], [-96.64619023016475, 16.201499890027247], [-96.65480138035818, 16.210583080272567], [-96.65790224993788, 16.227040980091203], [-96.63668471040538, 16.24625283041032], [-96.6185926001198, 16.22792434035234]]]}}, {"type": "Feature", "properties": {"cve_mun": "20410", "municipio": "Santa Mar\u00eda Ecatepec", "region": "costa", "area_km2": 542.97, "agave_2015_ha": 0.0, "agave_2016_ha": 0.0, "agave_2017_ha": 0.0, "agave_2018_ha": 0.0, "agave_2019_ha": 0.0, "agave_2020_ha": 0.0, "agave_2021_ha": 0.0, "agave_2022_ha": 0.0, "agave_2023_ha": 0.0, "agave_2024_ha": 0.0, "agave_2025_ha": 0.0, "distrito_v11": "yautepec"}, "geometry": {"type": "Polygon", "coordinates": [[[-95.73800434009536, 16.385359110056132], [-95.76716379969902, 16.342844509600766], [-95.76293530986402, 16.34212027957996], [-95.82821328027954, 16.314478680453913], [-95.7954042795704, 16.279565509535658], [-95.80458921965754, 16.272480219865862], [-95.8121308298953, 16.25087451989076], [-95.80826724961028, 16.21229107980082], [-95.8020521500655, 16.212946199807494], [-95.79705893967216, 16.209444420398853], [-95.792954919734, 16.215923580347642], [-95.79206635001708, 16.210885340131064], [-95.79027934004, 16.209949289724992], [-95.78781720042832, 16.211692379672726], [-95.78837391013496, 16.209606340419743], [-95.7870578599694, 16.208795059805546], [-95.78754587979427, 16.20668137970369], [-95.79117792040395, 16.204104150277715], [-95.79093414012014, 16.2009446504176], [-95.79405454010205, 16.195496829694843], [-95.7915834499652, 16.191399750315032], [-95.79164304981371, 16.187283450406532], [-95.79566652004416, 16.186479920291994], [-95.80180947983368, 16.182337249983153], [-95.80583582031132, 16.17558251046196], [-95.80647720048051, 16.16072044962598], [-95.80515976986878, 16.149395230413948], [-95.76432927990395, 16.082016320081998], [-95.78265174020446, 16.051292110010674], [-95.78695288020735, 16.037532750033527], [-95.80232528980028, 16.019248220391294], [-95.81174751991, 16.011265540028536], [-95.82693211979087, 16.005202370399722], [-95.8658886303229, 16.076386049864027], [-95.87585907970195, 16.116265819752478], [-95.8736924893854, 16.127308320482207], [-95.88424674975144, 16.127006680981943], [-95.89003887931625, 16.124154709746108], [-95.89685801895946, 16.12413128043016], [-95.90239457941361, 16.120675720698483], [-95.8995631402923, 16.11507846109072], [-95.8996389794798, 16.104297849949365], [-95.8977378296895, 16.10070846032759], [-95.89932697027325, 16.095879061130244], [-95.89744153960572, 16.091054711331058], [-95.90105848014193, 16.087322680492477], [-95.90592370998445, 16.091616490353847], [-95.91182471954876, 16.091397340329607], [-95.9156241204595, 16.09500876958916], [-95.92587879944587, 16.090349940630247], [-95.92938381879532, 16.105166080679904], [-95.94132002934532, 16.094881521065055], [-95.94610007885483, 16.097244170189047], [-95.94234464885042, 16.111382379841984], [-95.95077401987997, 16.116569150545004], [-95.94659408017077, 16.12612002021171], [-95.95736222925687, 16.12730006043937], [-95.96378957889947, 16.133936150785466], [-95.96256228039857, 16.135665080390297], [-95.9554105400321, 16.132566480099335], [-95.95183271936156, 16.1330907400704], [-95.95926543029385, 16.140325540370696], [-95.95746764867394, 16.147784511004108], [-95.95857197044914, 16.15336041996611], [-95.95547611011932, 16.15259767990035], [-95.9441090602594, 16.145839859583944], [-95.93281956918148, 16.145059341300858], [-95.92970131956207, 16.141792921253916], [-95.92525499957021, 16.14118908958152], [-95.92465262922855, 16.138685319962157], [-95.9349918791658, 16.12227917960678], [-95.93216394865485, 16.120723799990824], [-95.92681062009845, 16.121977420850776], [-95.92253953995511, 16.12070400017801], [-95.91085433871471, 16.125071450929482], [-95.90133810929846, 16.141487579703277], [-95.89926967942147, 16.141697601176777], [-95.89606884942438, 16.146008201270643], [-95.8942086890365, 16.144574091062502], [-95.89167567882359, 16.147031950848312], [-95.88847002972715, 16.14685383016202], [-95.88920581998532, 16.15153325035332], [-95.88548667981108, 16.15177537989419], [-95.88402536924359, 16.148751950261012], [-95.88089147958102, 16.151501349883354], [-95.87856865916528, 16.150894310142213], [-95.87889468870473, 16.15274645003377], [-95.87717405910794, 16.153898521133208], [-95.87494930949872, 16.150735459925215], [-95.87290813921948, 16.152930121117997], [-95.87089974902293, 16.15238334043488], [-95.86701781950774, 16.154852741214484], [-95.8648157795601, 16.15422945106995], [-95.86210305969364, 16.150151030130818], [-95.85839194970202, 16.15122465993637], [-95.85657104898384, 16.154021549626727], [-95.85708385872674, 16.158032510539314], [-95.85567345952408, 16.160962000878705], [-95.85212294032992, 16.15918264988515], [-95.85080494006316, 16.15975091997729], [-95.85114329038112, 16.162886260518356], [-95.8412618899835, 16.164559860079798], [-95.84205551951786, 16.1664880595541], [-95.83682505950156, 16.176966580570518], [-95.81005916921653, 16.183482340843536], [-95.84982127972172, 16.204132880836106], [-95.84371430885214, 16.204859510960294], [-95.8426730896876, 16.20785494992726], [-95.84373121924959, 16.20877714074164], [-95.84726644980239, 16.206869510769014], [-95.8458921689596, 16.209883999920397], [-95.84763663009619, 16.21522285994276], [-95.84887057891692, 16.21489343036591], [-95.84878465009973, 16.21184182008618], [-95.85262467884681, 16.209412880292795], [-95.85457545937321, 16.212514510905656], [-95.86049664913179, 16.215807181246117], [-95.86328211033806, 16.212526509710937], [-95.86755347863237, 16.215325149819353], [-95.86878111891538, 16.21816567997415], [-95.8768669686965, 16.21450048043894], [-95.87814033949958, 16.219625659656685], [-95.8823322490239, 16.218080911054464], [-95.88678422961404, 16.22756555049985], [-95.89280900007806, 16.228097880233637], [-95.89619896859695, 16.23346206071012], [-95.9003635793158, 16.232335741279194], [-95.90502010876003, 16.23430329074696], [-95.90495121931173, 16.231262890144308], [-95.9085177799815, 16.233678770335608], [-95.91387577012091, 16.233405490875924], [-95.92374385957173, 16.236413141301703], [-95.93510575004855, 16.230760511096747], [-95.93968633933619, 16.224478739897613], [-95.93534122941671, 16.219111311211655], [-95.9354001798787, 16.211527141005284], [-95.93949694911414, 16.210806550468142], [-95.94138610860881, 16.20778992105298], [-95.94576754890416, 16.206498079526842], [-95.94737601997092, 16.20427960023325], [-95.95147461949783, 16.20357082132793], [-95.95432054899679, 16.204796319915793], [-95.9547908300584, 16.19981440119046], [-95.96149068864786, 16.199499080871337], [-95.96480225872862, 16.196849541246717], [-95.97055339983811, 16.200146919576795], [-95.97324847896141, 16.198972431146515], [-95.9768000004189, 16.200148889867815], [-95.97744347992543, 16.20263994082181], [-95.97969966041379, 16.2030596297202], [-95.98216521868531, 16.199414769758153], [-95.98524831893505, 16.199830859608575], [-95.98627847986452, 16.19719791075374], [-95.9892852290931, 16.19628368996503], [-95.99280088877008, 16.19940400087609], [-95.98958548983205, 16.20036498100219], [-95.99026960008602, 16.202558679616203], [-95.99227008990235, 16.202217750013116], [-95.99580151907585, 16.205098830098695], [-95.99690450978791, 16.203291380856548], [-96.00103434905735, 16.202445371312123], [-96.00438030874282, 16.207254650036976], [-96.01407353902393, 16.209709620054248], [-96.01930754927764, 16.213766179527372], [-96.01736252008915, 16.216124621067515], [-96.01790914935407, 16.21927495007938], [-96.02075830903422, 16.216856830513667], [-96.02745574002405, 16.22402722024798], [-96.02356155010375, 16.229853120270672], [-96.02195630992398, 16.23746260002367], [-96.01846849028628, 16.24068571976781], [-96.01770685968762, 16.24739187972673], [-96.01898140033376, 16.24952410995042], [-96.01593189037102, 16.25692028962008], [-96.01829595018873, 16.262657820025044], [-96.01510845876729, 16.262911059886278], [-96.00952254925544, 16.2591965407893], [-96.00254757987932, 16.25876568992923], [-96.00596384861711, 16.26399722994142], [-96.00204177927985, 16.26817323057654], [-96.00092811967268, 16.27237929043117], [-95.99752753961667, 16.271991920822266], [-95.98883305994273, 16.29427525983654], [-95.98338766011926, 16.293403079883056], [-95.96063892004976, 16.313088749842322], [-95.98000121882846, 16.335257850512086], [-95.97492944954774, 16.343473921334667], [-95.96708242936906, 16.348122510635637], [-95.96642927965075, 16.350261580780383], [-95.96398994951053, 16.350660629923983], [-95.96436265925962, 16.35221843118639], [-95.96121244871662, 16.354918540881286], [-95.95873181907405, 16.354034489974957], [-95.9573418592956, 16.356904400183378], [-95.95410088979877, 16.356624350838278], [-95.95355017981097, 16.35477200101114], [-95.94319888010057, 16.355888581151724], [-95.93291801983551, 16.361215220195913], [-95.93152996893403, 16.365725020340715], [-95.92546601877643, 16.36486908110084], [-95.93153337980586, 16.3494653103996], [-95.93998292031404, 16.34178082081152], [-95.94549989024956, 16.32840235132469], [-95.93324685887245, 16.316312520649987], [-95.92850851880853, 16.314543659750726], [-95.92706424964742, 16.308780479816548], [-95.92843759888873, 16.304626679856987], [-95.91265722860032, 16.279703631153104], [-95.90504961975894, 16.28013112084716], [-95.89844746022094, 16.282999280124418], [-95.84988089035225, 16.389742880388983], [-95.84509291981396, 16.388634599553157], [-95.84486684986355, 16.438795520278116], [-95.8257697093558, 16.42623308955564], [-95.80862707899576, 16.4171805201789], [-95.75684118015157, 16.407003369801306], [-95.73800434009536, 16.385359110056132]]]}}, {"type": "Feature", "properties": {"cve_mun": "20411", "municipio": "Santa Mar\u00eda Guelac\u00e9", "region": "valles_centrales", "area_km2": 7.39, "agave_2015_ha": 0.0, "agave_2016_ha": 0.0, "agave_2017_ha": 0.0, "agave_2018_ha": 0.0, "agave_2019_ha": 0.0, "agave_2020_ha": 0.0, "agave_2021_ha": 0.0, "agave_2022_ha": 0.0, "agave_2023_ha": 0.0, "agave_2024_ha": 0.0, "agave_2025_ha": 0.0, "distrito_v11": "tlacolula"}, "geometry": {"type": "Polygon", "coordinates": [[[-96.59855476960227, 17.006754050242733], [-96.60122442041032, 17.005255369636583], [-96.5998999794119, 17.004406976312602], [-96.60196344904462, 16.99811225114395], [-96.60542274046165, 16.998966049796255], [-96.60691809002871, 16.99440468030322], [-96.602508630155, 16.9904922004547], [-96.60249996973224, 16.987903280383883], [-96.5988793695906, 16.986810949807484], [-96.60012256972135, 16.983126249946384], [-96.60224351960684, 16.9836902200829], [-96.60525418007488, 16.9706723799941], [-96.60788615045514, 16.981120199649485], [-96.60608662964847, 16.981808119727603], [-96.610781739587, 16.98349212017263], [-96.61131157978701, 16.979362430229276], [-96.6257914000507, 16.980116349653233], [-96.62463226015123, 17.00289899972289], [-96.61540377047557, 17.000978859575056], [-96.6151094197823, 17.007368649840984], [-96.6121043985872, 17.011131940203395], [-96.59855476960227, 17.006754050242733]]]}}, {"type": "Feature", "properties": {"cve_mun": "20428", "municipio": "Santa Mar\u00eda Quiegolani", "region": "valles_centrales", "area_km2": 161.49, "agave_2015_ha": 0.0, "agave_2016_ha": 0.0, "agave_2017_ha": 0.0, "agave_2018_ha": 0.0, "agave_2019_ha": 0.0, "agave_2020_ha": 0.0, "agave_2021_ha": 0.0, "agave_2022_ha": 0.0, "agave_2023_ha": 0.0, "agave_2024_ha": 0.0, "agave_2025_ha": 0.0, "distrito_v11": "yautepec"}, "geometry": {"type": "Polygon", "coordinates": [[[-95.99435604970964, 16.37018932095971], [-95.99912954995871, 16.364439821170663], [-95.9965103794092, 16.36011335120605], [-95.98708607916969, 16.353777979815142], [-95.99249876970336, 16.34481717053694], [-95.99764804895703, 16.345088879513373], [-95.99953722911881, 16.339349110281802], [-95.99140159898917, 16.336532689849463], [-95.9865315802559, 16.331474660798467], [-95.98854828871691, 16.331473459541794], [-95.99062407858418, 16.32875966087261], [-95.9934587701181, 16.33011943113243], [-95.99469468010668, 16.327313229661716], [-95.99783661972828, 16.32553943062928], [-95.99851779897017, 16.3224457511387], [-96.002674399967, 16.323310089717125], [-96.00272657953143, 16.311538599740064], [-95.99818561857013, 16.308665421123766], [-95.99710430996305, 16.304006379970666], [-95.99468013967599, 16.30345598110488], [-95.99473562906763, 16.301547951034063], [-95.99999996860493, 16.289432250503946], [-96.00654248984824, 16.280882510384664], [-96.0229418191942, 16.276798079621518], [-96.02354565909587, 16.27422995090336], [-96.03367352001662, 16.2739465705494], [-96.03285296963797, 16.264375179664068], [-96.02997408922035, 16.26013812023091], [-96.02990361883901, 16.25696515085556], [-96.023962229958, 16.253994309932526], [-96.023197168694, 16.25808934955608], [-96.01829595018873, 16.262657820025044], [-96.01599397038385, 16.257736999792193], [-96.01898140033376, 16.24952410995042], [-96.01770685968762, 16.24739187972673], [-96.01846849028628, 16.24068571976781], [-96.02195630992398, 16.23746260002367], [-96.02551329007358, 16.225901230286468], [-96.02745574002405, 16.22402722024798], [-96.02971922885403, 16.226211200285512], [-96.03166720026472, 16.226008001211415], [-96.03522462023973, 16.229976020419247], [-96.04144053920137, 16.231628170456936], [-96.04482385958592, 16.23581295119828], [-96.05633277014847, 16.238767719737893], [-96.0644315692448, 16.238019080290034], [-96.06540451977976, 16.24060894987947], [-96.06892725010762, 16.24040398042567], [-96.07215779966101, 16.235718780548194], [-96.07560942999396, 16.23775874128061], [-96.07984520015029, 16.23346031084312], [-96.08532953967993, 16.23185880067471], [-96.08534995020166, 16.22794211062073], [-96.08938636939206, 16.223024280950302], [-96.09218601989149, 16.223464480580958], [-96.09336844870295, 16.22151014973814], [-96.09979263036281, 16.221942771197174], [-96.10430897920885, 16.224999581034204], [-96.10986382879825, 16.222731850656366], [-96.10957114952862, 16.2246568313196], [-96.11428028990893, 16.22857406070008], [-96.11243967977647, 16.233663380173514], [-96.11414279881247, 16.244933830238736], [-96.11336162868812, 16.248551549700746], [-96.1147377089841, 16.250523601148753], [-96.11795455026437, 16.24733742031864], [-96.1127581187471, 16.270917680550305], [-96.09346036962721, 16.288087521009427], [-96.0890075203292, 16.30114468971177], [-96.09922448007268, 16.34194248025918], [-96.09506808981591, 16.348497429860988], [-96.09354534940614, 16.350221739576714], [-96.08977152022021, 16.350518569876474], [-96.08758984943555, 16.356135460199795], [-96.07913948033608, 16.366377520096687], [-96.07119097924391, 16.36580649063127], [-96.06825334886719, 16.369046089668988], [-96.06442070953928, 16.368473969711484], [-96.06307764892847, 16.369818920057043], [-96.05985491933362, 16.3683144506619], [-96.04230391016326, 16.391606580078665], [-96.01047684935375, 16.375814850556505], [-95.99435604970964, 16.37018932095971]]]}}, {"type": "Feature", "properties": {"cve_mun": "20449", "municipio": "Santa Mar\u00eda Zoquitl\u00e1n", "region": "valles_centrales", "area_km2": 417.22, "agave_2015_ha": 0.0, "agave_2016_ha": 0.0, "agave_2017_ha": 0.0, "agave_2018_ha": 0.0, "agave_2019_ha": 0.0, "agave_2020_ha": 0.0, "agave_2021_ha": 0.0, "agave_2022_ha": 0.0, "agave_2023_ha": 0.0, "agave_2024_ha": 0.0, "agave_2025_ha": 0.0, "distrito_v11": "tlacolula"}, "geometry": {"type": "Polygon", "coordinates": [[[-96.27712401988734, 16.598702649544833], [-96.27598974021232, 16.596434950225547], [-96.26195421998463, 16.600811580069745], [-96.26167674024127, 16.595513430498105], [-96.25504399939769, 16.589654250847204], [-96.24410322951043, 16.585664280276365], [-96.25583513940482, 16.55186835109627], [-96.24954645022031, 16.546842740478517], [-96.24572342989799, 16.539040379545735], [-96.24663982014934, 16.535187920551845], [-96.24319828859596, 16.530413030777222], [-96.27992386023959, 16.5360080202166], [-96.2841678502079, 16.52218153967202], [-96.28985297960313, 16.468779289566488], [-96.29099022004937, 16.439572800109094], [-96.31221018009245, 16.450459369919827], [-96.32550157047079, 16.455434549637143], [-96.3367596600391, 16.45751865967259], [-96.37660082975785, 16.436944920422164], [-96.39682533967499, 16.460495619692058], [-96.3968166599635, 16.455212819926945], [-96.40038713954033, 16.456017540304767], [-96.40439501997632, 16.461892050088725], [-96.40918394967757, 16.46194512010008], [-96.4082374002735, 16.465007259789363], [-96.41071117012831, 16.46704591985641], [-96.41359925002037, 16.461297910128877], [-96.4158033701801, 16.46164698043607], [-96.41799393993237, 16.471241910217998], [-96.41989334011531, 16.470108539945752], [-96.42177422014835, 16.465124199615698], [-96.42302430974887, 16.465854820428238], [-96.4254667101926, 16.471734050250635], [-96.42592884956035, 16.48004685020435], [-96.41819340007983, 16.479854550187248], [-96.41736158034301, 16.482704289565113], [-96.42910185976515, 16.487205600228947], [-96.47245821991636, 16.59492688966758], [-96.47697534007325, 16.592493218746345], [-96.47214562962387, 16.610403830135226], [-96.48113308975172, 16.618806569562672], [-96.49575961965105, 16.6426499997758], [-96.4914264495824, 16.648086219574743], [-96.47227174047235, 16.655299879594775], [-96.47217145972364, 16.65689986026932], [-96.42281597030752, 16.66862886018276], [-96.41522791025642, 16.677468779918648], [-96.39696833999692, 16.67038330962425], [-96.3614941197457, 16.645873939815708], [-96.34752308998493, 16.633025880330255], [-96.32899654995057, 16.621525260169744], [-96.31292009005456, 16.61712268002448], [-96.27712401988734, 16.598702649544833]]]}}, {"type": "Feature", "properties": {"cve_mun": "20475", "municipio": "Santiago Matatl\u00e1n", "region": "valles_centrales", "area_km2": 184.28, "agave_2015_ha": 0.0, "agave_2016_ha": 0.0, "agave_2017_ha": 0.0, "agave_2018_ha": 0.0, "agave_2019_ha": 0.0, "agave_2020_ha": 0.0, "agave_2021_ha": 0.0, "agave_2022_ha": 0.0, "agave_2023_ha": 0.0, "agave_2024_ha": 0.0, "agave_2025_ha": 0.0, "distrito_v11": "tlacolula"}, "geometry": {"type": "Polygon", "coordinates": [[[-96.33311691998699, 16.84313051028264], [-96.34907902023323, 16.8035600797126], [-96.36679653985256, 16.819233680298563], [-96.4018687199207, 16.810811140295172], [-96.41162667958812, 16.81409431954646], [-96.41392003030654, 16.80506451972745], [-96.41322188976939, 16.78068818030003], [-96.41525785046822, 16.765247259619095], [-96.41698182003944, 16.7572859202008], [-96.42301177016155, 16.750568710231448], [-96.42408490974564, 16.746761350168995], [-96.41565596973494, 16.739317459570977], [-96.40388351997144, 16.697142030052063], [-96.40491993967547, 16.69340575043159], [-96.41802810983587, 16.689757979615123], [-96.41512493966482, 16.69438545011329], [-96.41762465042763, 16.699416719625855], [-96.41381758020856, 16.705146250314417], [-96.41216134003264, 16.722483110217794], [-96.41530354961489, 16.723261149789742], [-96.41547703008771, 16.7293462299863], [-96.41889079956948, 16.73615570963049], [-96.43260692045648, 16.739694650263615], [-96.46656628981884, 16.75990327982711], [-96.46599473979627, 16.761906179985136], [-96.45482451045645, 16.76616262000456], [-96.48969482994632, 16.792467260056743], [-96.50196761999646, 16.821502260220303], [-96.5057357798054, 16.825087089568566], [-96.5186590204393, 16.83204747978778], [-96.53384546023103, 16.851696090008264], [-96.52588771952873, 16.86073194037863], [-96.51938541958968, 16.862895279584176], [-96.51850649022403, 16.867790279808172], [-96.49860732023275, 16.86211568022616], [-96.4936328897303, 16.857688549617098], [-96.49039022987184, 16.857680089760482], [-96.48512963035752, 16.86254511956883], [-96.47183413961459, 16.856169919702978], [-96.4714753501827, 16.85438323031505], [-96.45922784967534, 16.844309650097593], [-96.43904048986077, 16.833327280331975], [-96.42634467990561, 16.841226349773407], [-96.42727238031974, 16.847948449718686], [-96.4219124904111, 16.884730950091313], [-96.4233344304203, 16.90514013996405], [-96.42687905028248, 16.911412259636485], [-96.41521687986096, 16.91854222967205], [-96.4077874596055, 16.910998229895096], [-96.39380105961294, 16.900879630164184], [-96.37531805956604, 16.893009890323693], [-96.35374198036946, 16.886294739854392], [-96.33324206005516, 16.87477921975655], [-96.32496934036763, 16.85832254040317], [-96.32465571974842, 16.850765830240807], [-96.33311691998699, 16.84313051028264]]]}}, {"type": "Feature", "properties": {"cve_mun": "20495", "municipio": "Santiago Xanica", "region": "costa", "area_km2": 137.98, "agave_2015_ha": 0.0, "agave_2016_ha": 0.0, "agave_2017_ha": 0.0, "agave_2018_ha": 0.0, "agave_2019_ha": 0.0, "agave_2020_ha": 0.0, "agave_2021_ha": 0.0, "agave_2022_ha": 0.0, "agave_2023_ha": 0.0, "agave_2024_ha": 0.0, "agave_2025_ha": 0.0, "distrito_v11": "miahuatlan"}, "geometry": {"type": "Polygon", "coordinates": [[[-96.2806854299519, 16.08495854985911], [-96.27200286003763, 16.080478170166238], [-96.25922068009487, 16.079032659638703], [-96.265421289697, 16.07808196954399], [-96.26564297027691, 16.076195660330416], [-96.2625604903773, 16.074875800129288], [-96.26659235005653, 16.0708939102397], [-96.26860093994185, 16.050967420391032], [-96.26483337036568, 16.046844419622083], [-96.2607576797156, 16.044943379878053], [-96.25669620040236, 16.046215219583644], [-96.24079420023274, 16.037957230073165], [-96.23816165026187, 16.03519124974252], [-96.23373024994467, 16.03611234027387], [-96.23629226025675, 16.030915939711335], [-96.23018186039138, 16.028727539889516], [-96.22413436972961, 16.023105799669896], [-96.2221379097851, 16.025717249805595], [-96.21483751980652, 16.02906550973281], [-96.21058556991127, 16.021326349567367], [-96.21005382004145, 16.013635229843334], [-96.20144144996611, 16.019398949881495], [-96.1930784501527, 16.019314750092967], [-96.18719419985061, 16.016550580125397], [-96.18572308979566, 16.008692030046852], [-96.17997772043233, 16.011270820379494], [-96.17684028035465, 16.00938441987236], [-96.17229254009024, 16.01089013959525], [-96.16930982036219, 16.015213119912435], [-96.1687049097135, 16.020072020173497], [-96.17156913964855, 16.02316022972207], [-96.16794473959062, 16.026699680082793], [-96.16699266039561, 16.034680139784648], [-96.16130192023867, 16.03361496968786], [-96.15115771957325, 16.034590819954452], [-96.1447732601679, 16.031941479764054], [-96.14065586044629, 16.02729297038391], [-96.13237555018347, 16.03035378009528], [-96.1277570901321, 16.023081479927853], [-96.12334945033521, 16.02033953998958], [-96.12517274958566, 16.020548849908003], [-96.12592796993407, 16.01663273983509], [-96.11792013987642, 16.006546779767014], [-96.11846677036091, 16.005696060045366], [-96.12586713999984, 16.01023819968912], [-96.12467605953199, 16.004994060409057], [-96.1191984301885, 16.00089917019428], [-96.11729877045681, 15.996999139866915], [-96.1213270303887, 15.99338039993362], [-96.12117877003152, 15.990684689992753], [-96.12503932003878, 15.989263179979766], [-96.12291255016083, 15.985740630401143], [-96.12690744995595, 15.9840096796379], [-96.12912631959115, 15.987809509570457], [-96.1345588201986, 15.986013979831574], [-96.1372128596482, 15.987560819921828], [-96.14385414020978, 15.962603170143066], [-96.14825425017534, 15.959772379878487], [-96.17912401992184, 15.972081449832231], [-96.18954957001581, 15.968897629811242], [-96.202217859966, 15.976200199788627], [-96.20546297965268, 15.974402520013655], [-96.20273594026126, 15.971219909811646], [-96.19990802968857, 15.971870460194957], [-96.19506360026088, 15.968597090335196], [-96.19461988000461, 15.962317350218925], [-96.1991006502717, 15.955189680322732], [-96.20201347999094, 15.955472579790126], [-96.20323223017702, 15.952825199789933], [-96.2065561397357, 15.952501979934246], [-96.20673243043346, 15.949394949906951], [-96.2094196503752, 15.94851259982056], [-96.21267371035493, 15.950261109599085], [-96.21490555004439, 15.948568019897028], [-96.21705992023332, 15.949649060216624], [-96.21798187955156, 15.951351019715856], [-96.21461211016587, 15.955945720014356], [-96.21727844977134, 15.959242719755531], [-96.22305119980753, 15.959208850021032], [-96.22626155038374, 15.963962029887648], [-96.2292264202407, 15.964959000445681], [-96.23259785976066, 15.964670429694436], [-96.23638682956052, 15.960931629936924], [-96.24147485014599, 15.963746050051505], [-96.24194034955491, 15.959133320274283], [-96.24352597981112, 15.960012749918398], [-96.24409505005836, 15.963587879692534], [-96.24554525961497, 15.96376354984068], [-96.24483333961041, 15.9534394595585], [-96.24762971032723, 15.954618779868996], [-96.24781404975214, 15.9574416300437], [-96.25141976958146, 15.95298676959443], [-96.25345876987872, 15.952627050034089], [-96.25288635015653, 15.957250289697674], [-96.2549122804575, 15.961519260019697], [-96.25877998011245, 15.959312289980195], [-96.26012670979024, 15.961409689846615], [-96.26509441964674, 15.963255140218958], [-96.26322238021542, 15.96583891983305], [-96.26387952046434, 15.9701403997288], [-96.26978294966908, 15.96903574959235], [-96.28078994038627, 15.970491179913099], [-96.28111158023908, 15.975031169696393], [-96.27565914040665, 15.979664150297515], [-96.27369762964396, 15.985102819815681], [-96.27596821987972, 15.989949819752928], [-96.27578978035834, 15.993344939807395], [-96.28035041974941, 15.996648450204052], [-96.28550376988254, 15.996779650003294], [-96.28756559977779, 15.99426662991295], [-96.28991030986292, 15.994312569764228], [-96.29240317962403, 15.996144799913543], [-96.29262340001159, 16.000154089866736], [-96.29671342026899, 16.003546829685583], [-96.30363200035559, 16.004754980381968], [-96.31077498015053, 16.00917723042556], [-96.30909282979324, 16.01283363009359], [-96.29741648041843, 16.01155934961816], [-96.29403611038248, 16.021707909903512], [-96.28891278007205, 16.018898170077513], [-96.2845893399901, 16.02050668000745], [-96.29216300044632, 16.0295786301675], [-96.29214273987354, 16.03495225031682], [-96.2837832504503, 16.03893757013407], [-96.27723684973067, 16.038967630136824], [-96.28190127961241, 16.043903109639384], [-96.28650363025088, 16.043694819988193], [-96.28648674009013, 16.060796779722665], [-96.30051663029323, 16.079618089795073], [-96.29535582001873, 16.085798600138396], [-96.2806854299519, 16.08495854985911]]]}}, {"type": "Feature", "properties": {"cve_mun": "20506", "municipio": "Santo Domingo Albarradas", "region": "sierra_norte", "area_km2": 43.65, "agave_2015_ha": 0.0, "agave_2016_ha": 0.0, "agave_2017_ha": 0.0, "agave_2018_ha": 0.0, "agave_2019_ha": 0.0, "agave_2020_ha": 0.0, "agave_2021_ha": 0.0, "agave_2022_ha": 0.0, "agave_2023_ha": 0.0, "agave_2024_ha": 0.0, "agave_2025_ha": 0.0, "distrito_v11": "tlacolula"}, "geometry": {"type": "Polygon", "coordinates": [[[-96.18010479975841, 17.109380679671663], [-96.18294981986708, 17.102789369831317], [-96.1823909798731, 17.096307509675203], [-96.1776422198125, 17.07629467970736], [-96.17736094002807, 17.064291339722097], [-96.18025453960485, 17.0606844499657], [-96.19361748979094, 17.05185734955279], [-96.19783235008255, 17.05199571959191], [-96.20083153986201, 17.043979649918548], [-96.2057687197395, 17.041302349780977], [-96.20902862017711, 17.03117875021654], [-96.20735605025929, 17.024812919576096], [-96.2077480499605, 17.012184430187254], [-96.2106489202516, 17.01176318000869], [-96.22889211028719, 17.038986149677626], [-96.23363171009892, 17.064385380337722], [-96.24071609026312, 17.074104749807084], [-96.24886413982212, 17.09582155032033], [-96.24736358030528, 17.097321430454], [-96.24083928036352, 17.095795249740487], [-96.22533615041304, 17.101258709987764], [-96.21612198044359, 17.098960090198588], [-96.20472729014548, 17.102227119614458], [-96.20209548012059, 17.10127777014781], [-96.19232689007359, 17.105112720376606], [-96.18859702033244, 17.115761580316285], [-96.18010479975841, 17.109380679671663]]]}}, {"type": "Feature", "properties": {"cve_mun": "20512", "municipio": "Santo Domingo Ozolotepec", "region": "costa", "area_km2": 64.49, "agave_2015_ha": 0.0, "agave_2016_ha": 0.0, "agave_2017_ha": 0.0, "agave_2018_ha": 0.0, "agave_2019_ha": 0.0, "agave_2020_ha": 0.0, "agave_2021_ha": 0.0, "agave_2022_ha": 0.0, "agave_2023_ha": 0.0, "agave_2024_ha": 0.0, "agave_2025_ha": 0.0, "distrito_v11": "miahuatlan"}, "geometry": {"type": "Polygon", "coordinates": [[[-96.33992302998792, 16.22064208024561], [-96.33555232022219, 16.206055949582147], [-96.33785266005093, 16.207359939768754], [-96.34352012028359, 16.203345479570043], [-96.34671679983278, 16.199354659586643], [-96.34259231981738, 16.199584250288108], [-96.3372154602279, 16.19590531985034], [-96.32143290960582, 16.193182490025684], [-96.30803934974541, 16.197847480029395], [-96.29726542961397, 16.197042619852763], [-96.29339343047279, 16.19932451958351], [-96.2878146298869, 16.199038620115846], [-96.28697489007571, 16.201083969594013], [-96.27994278024549, 16.199802310453943], [-96.27824903037886, 16.197647770007773], [-96.27327873991156, 16.198175230343683], [-96.2683457104006, 16.213745110120453], [-96.26482731028831, 16.196313800198947], [-96.25410528002345, 16.19288556983512], [-96.25126917973289, 16.18998818007596], [-96.25010702025085, 16.186708019730336], [-96.25456897017482, 16.18690448032828], [-96.27440778037905, 16.16487751972877], [-96.29410528008347, 16.124554920235745], [-96.29836017982076, 16.13027688991043], [-96.30404794010886, 16.130059569932943], [-96.30698573992028, 16.136273050265668], [-96.31009992019122, 16.136060719937337], [-96.31378673983953, 16.139783180127814], [-96.32264448995579, 16.14100449000927], [-96.32196215024699, 16.14675570973293], [-96.32065769022634, 16.144643290414386], [-96.3195773097467, 16.145322460105376], [-96.31843319997617, 16.150615420263446], [-96.32316271969347, 16.148144279993097], [-96.32861864972571, 16.15326067976698], [-96.33478450978316, 16.153446399970782], [-96.34606600042163, 16.16533857978557], [-96.34853497034982, 16.164508510206424], [-96.35146622960559, 16.167775619916828], [-96.36362637992123, 16.167946569629162], [-96.36946651980854, 16.170651290051488], [-96.3771734904332, 16.16801332017625], [-96.37846332038507, 16.175678120398935], [-96.3756409201574, 16.182384630200577], [-96.37064669035557, 16.18820969045135], [-96.36147974002276, 16.19518360001027], [-96.35883425019279, 16.195202280082295], [-96.35416522023718, 16.20016077991462], [-96.35955671037976, 16.205582999790217], [-96.35687191015614, 16.21034199981063], [-96.35721445995293, 16.212996650061548], [-96.34406907965177, 16.226928579964476], [-96.33992302998792, 16.22064208024561]]]}}, {"type": "Feature", "properties": {"cve_mun": "20533", "municipio": "Santo Tom\u00e1s Tamazulapan", "region": "costa", "area_km2": 66.91, "agave_2015_ha": 0.0, "agave_2016_ha": 0.0, "agave_2017_ha": 0.0, "agave_2018_ha": 0.0, "agave_2019_ha": 0.0, "agave_2020_ha": 0.0, "agave_2021_ha": 0.0, "agave_2022_ha": 0.0, "agave_2023_ha": 0.0, "agave_2024_ha": 0.0, "agave_2025_ha": 0.0, "distrito_v11": "miahuatlan"}, "geometry": {"type": "Polygon", "coordinates": [[[-96.55189731969733, 16.28913511968898], [-96.53488077979915, 16.25136818011622], [-96.53762312006936, 16.252150509748272], [-96.53845130958815, 16.250495620218253], [-96.54551603000408, 16.24917049014594], [-96.54754848004208, 16.25049679989454], [-96.5489435998533, 16.249518369820578], [-96.54798329032745, 16.252717449594687], [-96.55267568003958, 16.250938230038205], [-96.55520074951978, 16.253883480371236], [-96.5574522200792, 16.251884400016387], [-96.54485916974966, 16.224396149986134], [-96.53864342012362, 16.21627673975932], [-96.56471562962021, 16.20298336971948], [-96.54058686005187, 16.20719541966079], [-96.58510582036548, 16.190809369919638], [-96.59077162976216, 16.201767289760387], [-96.60109535009617, 16.214461450140025], [-96.60857605962134, 16.21790813996747], [-96.61287820024693, 16.224556450319422], [-96.6185926001198, 16.22792434035234], [-96.63668471040538, 16.24625283041032], [-96.6104779203576, 16.264929679751173], [-96.61261807950548, 16.27192809038314], [-96.5978737996752, 16.27671977045027], [-96.59635754982372, 16.280171230302443], [-96.56755311042117, 16.280570820625147], [-96.55189731969733, 16.28913511968898]]]}}, {"type": "Feature", "properties": {"cve_mun": "20538", "municipio": "Sitio de Xitlapehua", "region": "sierra_sur", "area_km2": 18.3, "agave_2015_ha": 0.0, "agave_2016_ha": 0.0, "agave_2017_ha": 0.0, "agave_2018_ha": 0.0, "agave_2019_ha": 0.0, "agave_2020_ha": 0.0, "agave_2021_ha": 0.0, "agave_2022_ha": 0.0, "agave_2023_ha": 0.0, "agave_2024_ha": 0.0, "agave_2025_ha": 0.0, "distrito_v11": "miahuatlan"}, "geometry": {"type": "Polygon", "coordinates": [[[-96.53460683838205, 16.362915264762965], [-96.53214043037205, 16.36448371007153], [-96.52945763042396, 16.364007889720504], [-96.52111808955658, 16.3564487199043], [-96.51716368900922, 16.34959836953016], [-96.51676185933391, 16.34521817983681], [-96.52080587889317, 16.339589910788746], [-96.51896362910301, 16.33692902108482], [-96.52557547979043, 16.333038581310493], [-96.52806367870075, 16.321987879885118], [-96.5399909397053, 16.324366511280438], [-96.54436284870859, 16.35231894086933], [-96.55902368903917, 16.36335734092679], [-96.55733211013214, 16.37839607993045], [-96.55253178016206, 16.385105919611156], [-96.54019905036192, 16.412324080204503], [-96.53820692037529, 16.408410260239148], [-96.53915596972524, 16.381874110405434], [-96.53460683838205, 16.362915264762965]]]}}, {"type": "Feature", "properties": {"cve_mun": "20546", "municipio": "Teotitl\u00e1n del Valle", "region": "sierra_norte", "area_km2": 108.05, "agave_2015_ha": 0.0, "agave_2016_ha": 0.0, "agave_2017_ha": 0.0, "agave_2018_ha": 0.0, "agave_2019_ha": 0.0, "agave_2020_ha": 0.0, "agave_2021_ha": 0.0, "agave_2022_ha": 0.0, "agave_2023_ha": 0.0, "agave_2024_ha": 0.0, "agave_2025_ha": 0.0, "distrito_v11": "tlacolula"}, "geometry": {"type": "Polygon", "coordinates": [[[-96.48163126009588, 17.113246969618327], [-96.47991982028186, 17.111033779990198], [-96.47383250981083, 17.111787460223123], [-96.46715828028641, 17.106969620145804], [-96.46980091020474, 17.092387320223096], [-96.46309704959387, 17.08075961983513], [-96.46551608999333, 17.074823149808754], [-96.4684545503749, 17.073348660458393], [-96.47001742952503, 17.05968294018568], [-96.46692415015167, 17.051401630199344], [-96.49688307994072, 16.987051679767724], [-96.52548917949586, 16.994706720061817], [-96.52896088905267, 17.00434283004699], [-96.5275473790035, 17.009675999719185], [-96.53720542030152, 17.04461586010773], [-96.53812828011421, 17.050766089600145], [-96.53632364898006, 17.05919998061686], [-96.54222685914672, 17.06652107989803], [-96.55398870935171, 17.04550212118111], [-96.55523962898398, 17.03199292011191], [-96.56058871979674, 17.01616265060958], [-96.56896803020967, 17.019189170191552], [-96.56893968888329, 17.010453180207804], [-96.57801361998186, 17.015867941199932], [-96.58157708956267, 17.016373799751836], [-96.57836959987476, 17.02965133967256], [-96.58051694991549, 17.032626850838046], [-96.580855980459, 17.037262739851354], [-96.58710935019164, 17.04306146107789], [-96.5960138197317, 17.04803265086379], [-96.59036938041373, 17.05186854104186], [-96.58885572020118, 17.05703585092146], [-96.54668427910106, 17.084267919889598], [-96.54769144929689, 17.087400630095296], [-96.53461082887317, 17.10599386054671], [-96.52328109042952, 17.113989050084278], [-96.51567664992326, 17.10980863009349], [-96.51146399965081, 17.10433634001778], [-96.50666246024365, 17.10266824979266], [-96.49068918014189, 17.113229450129534], [-96.48163126009588, 17.113246969618327]]]}}, {"type": "Feature", "properties": {"cve_mun": "20550", "municipio": "San Jer\u00f3nimo Tlacochahuaya", "region": "sierra_norte", "area_km2": 36.73, "agave_2015_ha": 0.0, "agave_2016_ha": 0.0, "agave_2017_ha": 0.0, "agave_2018_ha": 0.0, "agave_2019_ha": 0.0, "agave_2020_ha": 0.0, "agave_2021_ha": 0.0, "agave_2022_ha": 0.0, "agave_2023_ha": 0.0, "agave_2024_ha": 0.0, "agave_2025_ha": 0.0, "distrito_v11": "tlacolula"}, "geometry": {"type": "Polygon", "coordinates": [[[-96.53720542030152, 17.04461586010773], [-96.5275473790035, 17.009675999719185], [-96.52896088905267, 17.00434283004699], [-96.52548917949586, 16.994706720061817], [-96.51245264966687, 16.99167393975465], [-96.51834328894888, 16.978873060862014], [-96.51930272030833, 16.970901650171967], [-96.538780280019, 16.9761888211983], [-96.55047787993304, 16.976620170019007], [-96.5608655690913, 16.98731833988383], [-96.57242155042576, 16.979729680269124], [-96.57246377038491, 16.982806201312865], [-96.5776768897309, 16.989569770815642], [-96.57984318031447, 17.001216820002867], [-96.58326414002416, 17.00386567989573], [-96.59117424972784, 17.006336079590294], [-96.59236698001736, 17.00224099990726], [-96.59511280039546, 17.003103829657668], [-96.59155681920446, 17.010578520217074], [-96.58111793922406, 17.016770720227118], [-96.56893968888329, 17.010453180207804], [-96.56896803020967, 17.019189170191552], [-96.56058871979674, 17.01616265060958], [-96.55523962898398, 17.03199292011191], [-96.55398870935171, 17.04550212118111], [-96.54222685914672, 17.06652107989803], [-96.53632364898006, 17.05919998061686], [-96.53812828011421, 17.050766089600145], [-96.53720542030152, 17.04461586010773]]]}}, {"type": "Feature", "properties": {"cve_mun": "20551", "municipio": "Tlacolula de Matamoros", "region": "valles_centrales", "area_km2": 136.03, "agave_2015_ha": 0.0, "agave_2016_ha": 0.0, "agave_2017_ha": 0.0, "agave_2018_ha": 0.0, "agave_2019_ha": 0.0, "agave_2020_ha": 0.0, "agave_2021_ha": 0.0, "agave_2022_ha": 0.0, "agave_2023_ha": 0.0, "agave_2024_ha": 0.0, "agave_2025_ha": 0.0, "distrito_v11": "tlacolula"}, "geometry": {"type": "MultiPolygon", "coordinates": [[[[-96.16501910987095, 16.730320220341817], [-96.17998027986661, 16.730124110290035], [-96.2001436896298, 16.722566629895354], [-96.19840014040062, 16.810727490221105], [-96.16871225009233, 16.814619089852673], [-96.15017045045592, 16.810988029804147], [-96.14614523016895, 16.798462140095836], [-96.14045538007318, 16.737206380353307], [-96.16501910987095, 16.730320220341817]]], [[[-96.48392232209746, 16.98237087554485], [-96.46247156962569, 16.984958860024737], [-96.45104043017817, 16.98479555003606], [-96.45379023020675, 16.97372265038407], [-96.45928639991892, 16.966510949815717], [-96.44133374968114, 16.961934540045362], [-96.43833305984204, 16.967082059998553], [-96.43413904999808, 16.964078920363985], [-96.43174348006846, 16.964287310201787], [-96.43006017006265, 16.960892539710645], [-96.41785597986106, 16.958347480185413], [-96.40893560048103, 16.95197588964269], [-96.4230768897837, 16.945571970359666], [-96.41323382011564, 16.931348280436776], [-96.41088568999872, 16.932000080144896], [-96.41384336966499, 16.922814399556536], [-96.42331860005535, 16.92680579997682], [-96.42275508998875, 16.92937557967965], [-96.42665254035205, 16.930055460214756], [-96.42636658013542, 16.923932219982934], [-96.41929297004297, 16.92044506020606], [-96.4292213201326, 16.913455289809743], [-96.42932925996092, 16.91124953965775], [-96.43417870969908, 16.91096070956225], [-96.46039450962694, 16.916964910240214], [-96.46109778018608, 16.915854780195865], [-96.47761818039749, 16.921909459857954], [-96.4960662800185, 16.92447631990271], [-96.50872182008088, 16.929461309651607], [-96.52465535033427, 16.871041149578613], [-96.54003296992374, 16.890181049556617], [-96.54448979996971, 16.892529620352683], [-96.54633545979695, 16.93071699954763], [-96.530944660333, 16.932108980438358], [-96.5200919096594, 16.929566710075786], [-96.50870237000828, 16.92955827997069], [-96.50911164994112, 16.94496463035752], [-96.50663496971211, 16.95476787979312], [-96.51930272030833, 16.970901650171967], [-96.51834328894888, 16.978873060862014], [-96.51245264966687, 16.99167393975465], [-96.48392232209746, 16.98237087554485]]]]}}, {"type": "Feature", "properties": {"cve_mun": "20560", "municipio": "Villa D\u00edaz Ordaz", "region": "sierra_norte", "area_km2": 283.78, "agave_2015_ha": 0.0, "agave_2016_ha": 0.0, "agave_2017_ha": 0.0, "agave_2018_ha": 0.0, "agave_2019_ha": 0.0, "agave_2020_ha": 0.0, "agave_2021_ha": 0.0, "agave_2022_ha": 0.0, "agave_2023_ha": 0.0, "agave_2024_ha": 0.0, "agave_2025_ha": 0.0, "distrito_v11": "tlacolula"}, "geometry": {"type": "Polygon", "coordinates": [[[-96.37961015040294, 17.15498829029793], [-96.3604544200567, 17.133484580254216], [-96.35576739975409, 17.120711110220412], [-96.35650620004265, 17.118783110230865], [-96.35999145000258, 17.118353109788007], [-96.35255265004848, 17.105667519824287], [-96.34479638025392, 17.10479945005558], [-96.34042106040924, 17.1024621498814], [-96.32585745985168, 17.104401430038784], [-96.32360606016898, 17.101908969740283], [-96.31760003008719, 17.099706139667546], [-96.30789075018029, 17.10081148986024], [-96.30357817024156, 17.10371365043475], [-96.29431881999683, 17.10131719984955], [-96.26850577979228, 17.099233860125068], [-96.2653385196101, 17.101408199813473], [-96.26164354035726, 17.100102969713703], [-96.25570883016105, 17.10167038014929], [-96.24886413982212, 17.09582155032033], [-96.24200648009786, 17.077084059564918], [-96.25715565979877, 17.07221248966664], [-96.26189291009072, 17.067636509993083], [-96.27662848035206, 17.06360195017273], [-96.28369925979723, 17.058044019721997], [-96.2929461396453, 17.056108479577862], [-96.29654706045743, 17.050601550026485], [-96.29467574997614, 17.047179309776038], [-96.29719465001347, 17.045187579590444], [-96.29642819974075, 17.04348458038959], [-96.30230740022755, 17.040071739594374], [-96.30279724983133, 17.036310370026005], [-96.30708057044977, 17.031325570283688], [-96.31835116982684, 17.02933308995426], [-96.32475716999002, 17.030728630200567], [-96.32852996976422, 17.02988083029032], [-96.33282027953386, 17.03225054039466], [-96.32455508962478, 16.98524487965768], [-96.36596468953627, 16.995171150006158], [-96.37921714991438, 16.979986259796387], [-96.40893560048103, 16.95197588964269], [-96.41785597986106, 16.958347480185413], [-96.43006017006265, 16.960892539710645], [-96.43174348006846, 16.964287310201787], [-96.43413904999808, 16.964078920363985], [-96.43833305984204, 16.967082059998553], [-96.44133374968114, 16.961934540045362], [-96.45928639991892, 16.966510949815717], [-96.45379023020675, 16.97372265038407], [-96.44071917012744, 17.014175750370736], [-96.44303645042127, 17.016918659869777], [-96.4401134897605, 17.027855489713758], [-96.4460529499777, 17.037672660211367], [-96.46210625025898, 17.04639337007163], [-96.46800353979239, 17.0533689098696], [-96.47001742952503, 17.05968294018568], [-96.4684545503749, 17.073348660458393], [-96.46551608999333, 17.074823149808754], [-96.46309704959387, 17.08075961983513], [-96.46980091020474, 17.092387320223096], [-96.46932129024296, 17.10036551986126], [-96.46715828028641, 17.106969620145804], [-96.4646808602936, 17.106064779602484], [-96.46297848007191, 17.107136600397283], [-96.46207125019644, 17.110397719821396], [-96.45770685007261, 17.11480634002315], [-96.44646723003845, 17.12093233983768], [-96.44388497043099, 17.125165629718943], [-96.41109541973024, 17.142058819759516], [-96.40871845021566, 17.14502755044221], [-96.39356042959001, 17.144511379650194], [-96.37961015040294, 17.15498829029793]]]}}, {"type": "Feature", "properties": {"name": "aoi_union", "distrito_v11": "union", "cve_mun": "__union__", "n_munis": 69, "bbox": [-97.09038890954454, 15.937496230443404, -95.55598857032795, 17.15498829029793]}, "geometry": {"type": "Polygon", "coordinates": [[[-96.83790313957786, 16.00454558033906], [-96.8424668602568, 16.004707110169743], [-96.84422664995475, 16.000932769697663], [-96.84126865044756, 16.000622450327864], [-96.84018522995598, 16.002259050230627], [-96.83440473996758, 16.000790879889223], [-96.8345347195295, 15.998329880290127], [-96.83771821976983, 15.997272920099014], [-96.83733042020917, 15.988782229655753], [-96.82653360038218, 15.97649602974492], [-96.83008609025565, 15.97457067985581], [-96.82742189045342, 15.970638580192182], [-96.83174826002161, 15.96684652023734], [-96.82875763031663, 15.960934999896013], [-96.8538654200225, 15.966178600801307], [-96.86838410999462, 15.964815109815222], [-96.89489637972781, 15.96872482076948], [-96.90346632020174, 16.000923139943602], [-96.9086603198274, 16.012869680024966], [-96.93446584966516, 16.019243720214185], [-96.93343033968496, 16.021633619725883], [-96.9556885701071, 16.029829880137232], [-96.9561606898916, 16.03229033972809], [-96.95388650970338, 16.02043755034971], [-97.00330391999827, 16.035896939708213], [-97.0140841400782, 16.043976030414107], [-97.0144730003482, 16.04830391026252], [-97.02306579993595, 16.04389912000359], [-97.02371276983332, 16.046801629600026], [-97.02064437023625, 16.050195749806228], [-97.0231857501658, 16.055608720108776], [-97.01836437980671, 16.063107620375487], [-97.02007262028813, 16.06521977033998], [-97.02460062989225, 16.063329030003892], [-97.03109297992607, 16.065092140209956], [-97.03086217035613, 16.06787421989766], [-97.02661637990116, 16.068863400184142], [-97.02430965976131, 16.072412449621872], [-97.02127411994161, 16.073761920442987], [-97.03039501953643, 16.085936620381478], [-97.03395920034222, 16.118431000025776], [-97.065024140119, 16.13981476970527], [-97.0562814503522, 16.136386119584166], [-97.06464463022051, 16.201975949709308], [-97.06051404956423, 16.20674974988668], [-97.05889281987365, 16.208364999809437], [-97.05712920014386, 16.2071851695711], [-97.05469570976042, 16.20867078005136], [-97.05342390974045, 16.207147849652785], [-97.04038737003286, 16.211213739677266], [-97.03656840019427, 16.209945150112056], [-97.03263870974041, 16.21180397025921], [-97.02999128044023, 16.210516970413455], [-97.02865450972426, 16.212570109993308], [-97.02714892044428, 16.20999963042276], [-97.02906492039892, 16.20682184970655], [-97.0282959698901, 16.200229460298495], [-97.03287463029785, 16.197591289892145], [-97.03216808998869, 16.195392030344028], [-97.03422041955497, 16.193640679866856], [-97.02952376977522, 16.188562149875676], [-97.0216110502856, 16.193362619747088], [-97.01867651034992, 16.192043280258126], [-97.01840766036158, 16.187908019753372], [-97.01590864970746, 16.188534999985517], [-97.01484162022346, 16.190938119829053], [-97.0215388601728, 16.20101882981379], [-97.01883267969886, 16.206907170127597], [-97.0190265700229, 16.216119199915706], [-97.02707591027892, 16.232366169808316], [-97.03763806034472, 16.23604234000282], [-97.04290041987761, 16.235591679678887], [-97.05127279952617, 16.24482442025733], [-97.06201851996701, 16.24531472032731], [-97.06462571013722, 16.250235179661463], [-97.06963276971136, 16.2528970802432], [-97.07192662993124, 16.259507400324104], [-97.07580254020343, 16.262795679798465], [-97.07487636955995, 16.26565711010815], [-97.07764887981784, 16.271201139944576], [-97.08777724995683, 16.26724794958392], [-97.08556253963587, 16.26973354009575], [-97.08680234987995, 16.270659919550916], [-97.08429663032818, 16.270719800182448], [-97.083375829823, 16.276062879782216], [-97.08102366025452, 16.276532770170753], [-97.08492068045273, 16.279616710309522], [-97.08695051009742, 16.278879380402394], [-97.08709021967849, 16.27659199969446], [-97.08869850966957, 16.277668480382076], [-97.08729410956228, 16.28425570984031], [-97.08530267969677, 16.285056569559753], [-97.08841067982281, 16.28719263039579], [-97.08681161984352, 16.290099150026993], [-97.08858005046656, 16.290456279978034], [-97.08962895008946, 16.288764720245354], [-97.09038890954454, 16.290509920431678], [-97.08469495014438, 16.296334940196083], [-97.08325060029453, 16.293248110330957], [-97.0817198000851, 16.293822260329165], [-97.08112409006469, 16.2972232002631], [-97.08501096954038, 16.30042403041597], [-97.08205995029465, 16.3044660301595], [-97.0822291203189, 16.30682505956078], [-97.08000191013606, 16.307883820361106], [-97.08251942009454, 16.309574320084415], [-97.07326245033943, 16.312493479860912], [-97.0724778801633, 16.316432109708252], [-97.07015627973655, 16.31863486020456], [-97.07270888999699, 16.321689920311186], [-97.07203642041534, 16.328011049716512], [-97.07521247978113, 16.33230553976452], [-97.07319205966196, 16.33879463013181], [-97.07773147970222, 16.353063619597496], [-97.07442322030664, 16.356824169570086], [-97.07429931044534, 16.359101750117894], [-97.07823849030606, 16.365808660162124], [-97.07271892034272, 16.36259460006444], [-97.06979634912693, 16.366757340617376], [-97.067482348738, 16.36297870997038], [-97.06406830926609, 16.362236520541366], [-97.06232119952479, 16.36302641971823], [-97.06170402017285, 16.36750525993207], [-97.06002948002329, 16.368505110085774], [-97.05802332021058, 16.366392880280927], [-97.06044257945189, 16.362628450775667], [-97.0578413198158, 16.358549231028952], [-97.05471584926639, 16.360472581175674], [-97.05526302871624, 16.356659770084043], [-97.05341771891887, 16.35358808103078], [-97.04876237027132, 16.352602910419005], [-97.04799264993058, 16.355145520397336], [-97.04673961965759, 16.35484740048418], [-97.04759624923052, 16.347566431318462], [-97.03831411975024, 16.34916498054422], [-97.0316444797792, 16.353947889888918], [-97.02618571963215, 16.352879110233264], [-97.02476322024293, 16.34984269042541], [-97.02028534888079, 16.349982981271282], [-97.01847351965196, 16.348215340589935], [-97.02016328935107, 16.343744480692617], [-97.01331262005202, 16.336969151041842], [-97.01265108933637, 16.33407706031666], [-97.00509878035747, 16.3375003112589], [-97.00282630988461, 16.33540649062372], [-96.99915084967175, 16.3350997999756], [-96.9976825090547, 16.328240750544392], [-96.99519639928648, 16.3237200008344], [-96.99237894956765, 16.32210729016077], [-96.98721454960894, 16.325481290335574], [-96.98498267998126, 16.325257049924787], [-96.98343017893585, 16.32058872037373], [-96.97924694943217, 16.32073783008743], [-96.97323191949238, 16.317907481200464], [-96.96740438002506, 16.321426030637046], [-96.95821497882815, 16.32302640058212], [-96.95002730883337, 16.322255350718553], [-96.94774373890354, 16.324214371239542], [-96.94586277026241, 16.322157319674037], [-96.94142077907738, 16.321749140830022], [-96.93731223040542, 16.326264820647456], [-96.93426185011774, 16.320956370910356], [-96.93877081926755, 16.319415120691403], [-96.9399002501311, 16.316547679953967], [-96.9307498497278, 16.314662721168034], [-96.92751661995736, 16.31228275059699], [-96.92630699879264, 16.312801740296457], [-96.9249916600012, 16.32059889045042], [-96.91429731969389, 16.326415230954915], [-96.9172001801337, 16.3212254613455], [-96.90862217040008, 16.314950780893557], [-96.90969065948423, 16.303156510609966], [-96.89987451935608, 16.301374150814585], [-96.89432299886664, 16.292426540232015], [-96.88374070925659, 16.293084551299938], [-96.88598048939461, 16.28645155125645], [-96.88069057915637, 16.287168051236517], [-96.8770312199957, 16.285576080174017], [-96.87907445895867, 16.278963420482526], [-96.87767047965852, 16.275988890355446], [-96.87528936959283, 16.277287919563847], [-96.87458508894241, 16.282938750176164], [-96.87235602942991, 16.285762149888473], [-96.86655428044203, 16.285592880221245], [-96.86829658021503, 16.290707829646077], [-96.86635994049811, 16.292241285998603], [-96.86882014881624, 16.290839459937676], [-96.86962943036256, 16.292115449638487], [-96.86696691988301, 16.30005394090455], [-96.84982828963165, 16.314695569590295], [-96.84991062008707, 16.31652597020728], [-96.85252031954306, 16.31761837971156], [-96.856546398751, 16.31339094951053], [-96.8619677099121, 16.3179404903658], [-96.8611593097294, 16.3204112807177], [-96.8573654292616, 16.322582460211564], [-96.85612106011936, 16.32759386102383], [-96.8517076503654, 16.330343600449204], [-96.83809020027326, 16.330395829612602], [-96.83599290862658, 16.337202090217065], [-96.81426288942009, 16.34128780040131], [-96.81232892015339, 16.339030370144204], [-96.8089774301348, 16.339538280206554], [-96.79553559896627, 16.33228457051861], [-96.79429179988003, 16.322822909546947], [-96.7892055486617, 16.31976409122597], [-96.78717065992973, 16.316214580796597], [-96.763160510287, 16.335190150244806], [-96.7757342002693, 16.347588511071024], [-96.78081194033086, 16.372827220551983], [-96.76286810963151, 16.371217379701058], [-96.78270058012018, 16.37305477982268], [-96.78516348972786, 16.371153599917463], [-96.78677877026595, 16.383051830187327], [-96.78620210975146, 16.398525280282247], [-96.7785470500143, 16.397013569770646], [-96.77797220024478, 16.39853237031855], [-96.77191337978763, 16.40760251962996], [-96.76303597977095, 16.43957411036135], [-96.75211288010934, 16.455509289673042], [-96.73499363028841, 16.47074892045836], [-96.73158787877311, 16.458655140267457], [-96.73156791989277, 16.45865937793465], [-96.73710450966777, 16.478479319638097], [-96.71779045045878, 16.486328770002295], [-96.70321725974325, 16.49505777960607], [-96.67538421926305, 16.481309550643388], [-96.6740849104058, 16.48439657117286], [-96.66905205883357, 16.4834081699058], [-96.65984781877387, 16.488072169960443], [-96.66111022971296, 16.47264237996452], [-96.64347581890728, 16.468752139680397], [-96.63499845855574, 16.46173754119776], [-96.63352375011759, 16.455984090253146], [-96.63236975033958, 16.458125310845503], [-96.63324375014008, 16.463059110976612], [-96.62824517947313, 16.472392819915985], [-96.62015748951326, 16.469435310242645], [-96.61485910872806, 16.472057199553714], [-96.61053128930841, 16.470859799682064], [-96.61450509006492, 16.470637199998304], [-96.61122971863898, 16.469179369648067], [-96.61266187910385, 16.46664001988408], [-96.61194114032449, 16.46374080029261], [-96.60804291939527, 16.462505480120974], [-96.60527950879283, 16.459282429832168], [-96.59978864914304, 16.460786400296307], [-96.59437447955209, 16.46838640072345], [-96.58950002043986, 16.46953138034547], [-96.59136337970789, 16.47303771082441], [-96.58630174928122, 16.477139290432504], [-96.5827908590908, 16.475509550847473], [-96.56927302909368, 16.476445231094353], [-96.5568303796658, 16.47879818064099], [-96.55647656325482, 16.479154835509174], [-96.55820843024044, 16.479447089980884], [-96.56419311004555, 16.489052230438265], [-96.56654629009286, 16.488803969696175], [-96.56608565991101, 16.491650399587357], [-96.56768663011009, 16.493068139890923], [-96.57357573963777, 16.494267679745967], [-96.56115933954014, 16.500872510349904], [-96.5603398599341, 16.50259917032239], [-96.5627720299992, 16.507416549958926], [-96.55904224979517, 16.51090134958577], [-96.56117526001762, 16.52059677878652], [-96.54728933987553, 16.525179369421032], [-96.54287208967895, 16.522200998711508], [-96.53842847963386, 16.524442519016727], [-96.53927293997417, 16.52049637938203], [-96.53692457024937, 16.518353399103326], [-96.53430371042589, 16.5207758487322], [-96.52954449026024, 16.52090579953526], [-96.52908997048272, 16.518464819411573], [-96.52708831992113, 16.518928818983447], [-96.52716557981454, 16.516369938687323], [-96.52239525031362, 16.51353250925914], [-96.50568383027718, 16.51600522952799], [-96.50325490992103, 16.544299199516214], [-96.50049481973913, 16.5503003195289], [-96.49313473994057, 16.55906125919616], [-96.49436968046967, 16.5627285988861], [-96.48810902032538, 16.572402849446433], [-96.48846027982034, 16.57463499872971], [-96.48444263036993, 16.58320181913609], [-96.47697534007325, 16.592493218746345], [-96.47214562962387, 16.610403830135226], [-96.48113308975172, 16.618806569562672], [-96.49575961965105, 16.6426499997758], [-96.4914264495824, 16.648086219574743], [-96.47227174047235, 16.655299879594775], [-96.47217145972364, 16.65689986026932], [-96.42281597030752, 16.66862886018276], [-96.41522791025642, 16.677468779918648], [-96.40625171856115, 16.693035140034127], [-96.41802810983587, 16.689757979615123], [-96.41512493966482, 16.69438545011329], [-96.41762465042763, 16.699416719625855], [-96.41381758020856, 16.705146250314417], [-96.41216134003264, 16.722483110217794], [-96.41530354961489, 16.723261149789742], [-96.41547703008771, 16.7293462299863], [-96.41889079956948, 16.73615570963049], [-96.43260692045648, 16.739694650263615], [-96.46656628981884, 16.75990327982711], [-96.46599473979627, 16.761906179985136], [-96.45482451045645, 16.76616262000456], [-96.48969482994632, 16.792467260056743], [-96.50196761999646, 16.821502260220303], [-96.5057357798054, 16.825087089568566], [-96.5186590204393, 16.83204747978778], [-96.53384546023103, 16.851696090008264], [-96.55672897040776, 16.844727169703187], [-96.58032130973021, 16.839927339559228], [-96.61045189011307, 16.883076630395585], [-96.60994426024442, 16.892493940318257], [-96.61506222019412, 16.896221950384646], [-96.62841888973065, 16.887997280182972], [-96.63292594036149, 16.91718786041827], [-96.63074707231323, 16.919181374596665], [-96.64800468015491, 16.925405179744228], [-96.6584733701816, 16.926255349954616], [-96.66024119907632, 16.947070490221364], [-96.65865088870648, 16.95674857999661], [-96.65987376913586, 16.969910059853778], [-96.65489565878633, 16.977299519711092], [-96.64771325221678, 16.977479890387876], [-96.65091074033413, 16.977814220356603], [-96.6556064899596, 16.986158510203005], [-96.66453833892975, 17.006915080412988], [-96.66326022965124, 17.009606020997392], [-96.65547239988548, 17.0068973505665], [-96.64466916984924, 17.00728357100721], [-96.62449977009511, 17.017535340901066], [-96.62199945029687, 17.01695745135912], [-96.6217335103388, 17.01940257126141], [-96.61526237006477, 17.024558821328036], [-96.60889142992822, 17.021516951277587], [-96.60847645993852, 17.018234459951213], [-96.60706965011002, 17.025841690850147], [-96.61232052041082, 17.02697715077361], [-96.60926787994697, 17.03971170978625], [-96.5982812786891, 17.043184689735586], [-96.5960138197317, 17.04803265086379], [-96.59036938041373, 17.05186854104186], [-96.58885572020118, 17.05703585092146], [-96.54668427910106, 17.084267919889598], [-96.54769144929689, 17.087400630095296], [-96.53461082887317, 17.10599386054671], [-96.52328109042952, 17.113989050084278], [-96.51567664992326, 17.10980863009349], [-96.51146399965081, 17.10433634001778], [-96.50666246024365, 17.10266824979266], [-96.49068918014189, 17.113229450129534], [-96.48163126009588, 17.113246969618327], [-96.47991982028186, 17.111033779990198], [-96.47383250981083, 17.111787460223123], [-96.46715828028641, 17.106969620145804], [-96.4646808602936, 17.106064779602484], [-96.46297848007191, 17.107136600397283], [-96.46207125019644, 17.110397719821396], [-96.45770685007261, 17.11480634002315], [-96.44646723003845, 17.12093233983768], [-96.44388497043099, 17.125165629718943], [-96.41109541973024, 17.142058819759516], [-96.40871845021566, 17.14502755044221], [-96.39356042959001, 17.144511379650194], [-96.37961015040294, 17.15498829029793], [-96.3604544200567, 17.133484580254216], [-96.35576739975409, 17.120711110220412], [-96.35650620004265, 17.118783110230865], [-96.35999145000258, 17.118353109788007], [-96.35255265004848, 17.105667519824287], [-96.34479638025392, 17.10479945005558], [-96.34042106040924, 17.1024621498814], [-96.32585745985168, 17.104401430038784], [-96.32360606016898, 17.101908969740283], [-96.31760003008719, 17.099706139667546], [-96.30789075018029, 17.10081148986024], [-96.30357817024156, 17.10371365043475], [-96.29431881999683, 17.10131719984955], [-96.26850577979228, 17.099233860125068], [-96.2653385196101, 17.101408199813473], [-96.26164354035726, 17.100102969713703], [-96.25570883016105, 17.10167038014929], [-96.24886413982212, 17.09582155032033], [-96.24736358030528, 17.097321430454], [-96.24083928036352, 17.095795249740487], [-96.22533615041304, 17.101258709987764], [-96.21612198044359, 17.098960090198588], [-96.20472729014548, 17.102227119614458], [-96.20209548012059, 17.10127777014781], [-96.19232689007359, 17.105112720376606], [-96.18859702033244, 17.115761580316285], [-96.18010479975841, 17.109380679671663], [-96.18294981986708, 17.102789369831317], [-96.1823909798731, 17.096307509675203], [-96.1776422198125, 17.07629467970736], [-96.17736094002807, 17.064291339722097], [-96.18025453960485, 17.0606844499657], [-96.19361748979094, 17.05185734955279], [-96.19783235008255, 17.05199571959191], [-96.20083153986201, 17.043979649918548], [-96.2057687197395, 17.041302349780977], [-96.20902862017711, 17.03117875021654], [-96.20735605025929, 17.024812919576096], [-96.2077480499605, 17.012184430187254], [-96.20384134963889, 17.006988909832934], [-96.20087311988779, 16.994515350182184], [-96.19598033999989, 16.99189070962359], [-96.19351495002796, 16.988007290112606], [-96.19201783011174, 16.981982889947304], [-96.18974308024828, 16.979961309720327], [-96.18609886015975, 16.97091583016856], [-96.18309514009157, 16.968466710432992], [-96.18154554991266, 16.969358450203824], [-96.17553197969447, 16.967357659845522], [-96.17059820036309, 16.963409060307267], [-96.17123263043054, 16.959304680256984], [-96.16855397044411, 16.957813280213], [-96.16301117015841, 16.950303851137708], [-96.1612075096159, 16.944124089940072], [-96.15713948953233, 16.94034340068561], [-96.15677227917082, 16.936869527012256], [-96.15650606038015, 16.93723125991452], [-96.15347494036422, 16.931942620118217], [-96.14183565975306, 16.921459941031692], [-96.1363339702757, 16.919728709691245], [-96.1246544303434, 16.919228341104528], [-96.1179411104187, 16.915055340168756], [-96.1117070202892, 16.907558739742232], [-96.10440564981762, 16.908222250806055], [-96.0994775101905, 16.902953050358974], [-96.09467027984992, 16.902228021110723], [-96.08996591005251, 16.89828761987961], [-96.1092462868673, 16.88435612276491], [-96.10525393969252, 16.886058120332045], [-96.08842068983128, 16.898372940451313], [-96.08199408010216, 16.897602049784275], [-96.08061610957229, 16.894696821130914], [-96.07203182993055, 16.889567830702326], [-96.06773525991935, 16.891969479618822], [-96.06101952030525, 16.889745200004672], [-96.05683230976881, 16.891287450151495], [-96.05412002002215, 16.88930031040714], [-96.01706598018892, 16.87994048059948], [-95.9890467701926, 16.886468140019225], [-95.98770322027762, 16.888594290579466], [-95.98179534044819, 16.891344089892357], [-95.9757977800408, 16.8859922797424], [-95.97160534037435, 16.879265970374526], [-95.96902254963851, 16.877948079765396], [-95.96720940009673, 16.878953580073365], [-95.96467354715983, 16.877014611507875], [-95.96427671040506, 16.877280310440423], [-95.96858079972488, 16.888518909767473], [-95.96698547983067, 16.89550634020598], [-95.97099741984682, 16.901001400122347], [-95.97028666000944, 16.906767879987772], [-95.96545598032849, 16.91682748017168], [-95.95752300045959, 16.923816319992586], [-95.9578585103288, 16.927912449814475], [-95.95302244997043, 16.934398089599963], [-95.95299942956356, 16.946624910323994], [-95.94516599982396, 16.99502264987134], [-95.9397248802518, 16.99655723029803], [-95.93550650973282, 16.995676829713243], [-95.9334925998774, 17.00015371974983], [-95.92104854041482, 16.99745694996174], [-95.9193240301709, 16.999050289826137], [-95.91656795038726, 16.996496250130647], [-95.90894482033522, 16.99577560022359], [-95.90636591012556, 16.991377490193294], [-95.90548854014939, 16.9951244196848], [-95.90393965041375, 16.99540394976771], [-95.89185955024135, 16.988883450151175], [-95.88471695007658, 16.992817000331325], [-95.87894952028176, 16.993470420144263], [-95.87624646041584, 16.991936289968542], [-95.87413345987004, 16.988024939933375], [-95.87120023020142, 16.989682659621263], [-95.86963945955164, 16.98809527958813], [-95.87484497962166, 16.981743450143775], [-95.87414274976177, 16.97775714022862], [-95.87609701983399, 16.97587494998843], [-95.87654290969652, 16.972224220212333], [-95.87081112008099, 16.96776953978362], [-95.86405293964002, 16.96662582981824], [-95.85726811004626, 16.9626753103576], [-95.8613821099501, 16.96276300008707], [-95.86667548958306, 16.960423819940754], [-95.87348188981596, 16.964109220169075], [-95.88036803044942, 16.960129379994], [-95.87767713989693, 16.956419710047737], [-95.87442657044272, 16.958555739922215], [-95.86978072027583, 16.95692042039539], [-95.87387006041723, 16.940719689994307], [-95.86703877010208, 16.93254481975634], [-95.861333650027, 16.934389250158667], [-95.85291608953538, 16.933933080039097], [-95.84601781964157, 16.939381339786816], [-95.84410682999892, 16.93813577038839], [-95.84599279981168, 16.932838119839314], [-95.84373436975181, 16.922217799809616], [-95.8477318904168, 16.919008970456293], [-95.84819942981868, 16.912176849605665], [-95.84781923010314, 16.90598065027644], [-95.84604266044545, 16.90351397963042], [-95.83327281977857, 16.904911120412972], [-95.82877924971743, 16.908327369553216], [-95.82553251021659, 16.908169909757127], [-95.82994359954242, 16.901807260150463], [-95.8365527196238, 16.89952010988774], [-95.83715832002358, 16.892313310130856], [-95.83936818036659, 16.89078577958497], [-95.83630291035618, 16.88698358033937], [-95.81423565015751, 16.890189400334343], [-95.7776433500615, 16.886369510065666], [-95.71701249021126, 16.889607740824754], [-95.69442075029758, 16.872913801241683], [-95.65841629038476, 16.907630799581185], [-95.61360690958243, 16.888701170884918], [-95.60967224958199, 16.87749625102335], [-95.58993481931704, 16.880657460961793], [-95.5908111499907, 16.875481600421693], [-95.60353109215261, 16.86405510470933], [-95.60284608925882, 16.864029750350436], [-95.5916361800446, 16.874569320051915], [-95.59109049029227, 16.87134825956662], [-95.5881859499205, 16.86872503012702], [-95.5770670596845, 16.86546887970635], [-95.56497939982923, 16.844386829592203], [-95.56676197966435, 16.844444679898263], [-95.56620771998008, 16.842856149802216], [-95.57366953958, 16.838597050362743], [-95.57743967959327, 16.832336060362334], [-95.58427135042115, 16.8306767809421], [-95.58934185972689, 16.824350370158697], [-95.59562873994737, 16.822198459852256], [-95.58314213962336, 16.813904849575948], [-95.57983685998131, 16.81594368038229], [-95.57158300029, 16.81582031029076], [-95.56786228960617, 16.81832742970385], [-95.56746138028043, 16.82040722024271], [-95.56357714970183, 16.821891259720765], [-95.55794971960546, 16.82159257981844], [-95.55598857032795, 16.818010109803758], [-95.56467279954981, 16.811207140007923], [-95.56916106021077, 16.779402800199893], [-95.56808795004028, 16.768567749937237], [-95.60082558031584, 16.73913522984703], [-95.6123878604464, 16.71198842019968], [-95.6211003699587, 16.722117910944956], [-95.62502910988512, 16.72349226043841], [-95.63357001963325, 16.721419320169716], [-95.62657927965587, 16.727178170290244], [-95.62792793978862, 16.730983030401198], [-95.66779423001968, 16.706914970302197], [-95.682521919552, 16.699989030319333], [-95.68105625987805, 16.698087849919602], [-95.6713694501421, 16.696395260076756], [-95.67341392027225, 16.694062420413047], [-95.67322651961732, 16.691714949609075], [-95.66802452013461, 16.688889680107433], [-95.66464420025935, 16.689487661129927], [-95.65158522023015, 16.67176371004857], [-95.65266837993616, 16.662880049549916], [-95.6613021801536, 16.648639380155956], [-95.68774620003526, 16.63815410979795], [-95.67652574961083, 16.637605460950535], [-95.67965900004238, 16.621908599761053], [-95.67830099964272, 16.611999710195843], [-95.68912181993282, 16.614680341022208], [-95.72922362963762, 16.608997829666627], [-95.73556863036713, 16.603708419801627], [-95.74634794993796, 16.587288620352293], [-95.74676527965815, 16.581986420990244], [-95.75075405003501, 16.575672109871824], [-95.75120091029063, 16.5710477404016], [-95.7552271497724, 16.562572339899685], [-95.76447439990532, 16.544735720151206], [-95.76015771906495, 16.54062588965864], [-95.76057018035165, 16.537385771218226], [-95.68644370909998, 16.511689379754287], [-95.72114811895128, 16.45807262095966], [-95.75684118015157, 16.407003369801306], [-95.73800434009536, 16.385359110056132], [-95.76716379969902, 16.342844509600766], [-95.76331171029372, 16.34218474715625], [-95.76271719960688, 16.3424385399805], [-95.69532757974935, 16.33626925006421], [-95.71634721988146, 16.280857999687942], [-95.73711179985519, 16.286111379819957], [-95.74043422042637, 16.282632679822065], [-95.74463950971229, 16.280974419580392], [-95.75083302967444, 16.282437779839476], [-95.75435637007139, 16.279534399558106], [-95.75573637975414, 16.281032649586912], [-95.75791007969268, 16.278191319633148], [-95.7652615201486, 16.274771310164144], [-95.76817193992109, 16.26983661963664], [-95.77071585010454, 16.271242829655925], [-95.7840368903413, 16.26721472023658], [-95.7808187201551, 16.26371818021105], [-95.78549591962867, 16.26071215000318], [-95.77111631005734, 16.253318139664668], [-95.76635702969246, 16.25518659962684], [-95.76334175029646, 16.25470760040651], [-95.76466336983643, 16.251737659605837], [-95.76243388995356, 16.251166109726373], [-95.76255194030917, 16.249905750314785], [-95.76993695034405, 16.245374690025077], [-95.76704122010526, 16.24292635006332], [-95.7655758595687, 16.238948489912627], [-95.75803979955757, 16.235888650015625], [-95.75606582043117, 16.232435490349676], [-95.75046780032214, 16.233751600264327], [-95.7446407695781, 16.23058418011698], [-95.74322964965859, 16.22653296974279], [-95.74403486006315, 16.22209188028273], [-95.74226831979917, 16.221845080423304], [-95.74381625974944, 16.220529799722794], [-95.74129351969476, 16.21422447982776], [-95.74310497978229, 16.21297105019953], [-95.7382307502628, 16.206174859660447], [-95.73299128972744, 16.202851289718225], [-95.7307005801543, 16.203321429987177], [-95.73181022995362, 16.197477490094585], [-95.7358671503836, 16.20029645034271], [-95.7373827801431, 16.19907211010053], [-95.734000000046, 16.193262050004435], [-95.7350429500227, 16.187818879665603], [-95.73760811013457, 16.1897567102296], [-95.74177234968231, 16.189282539567134], [-95.75379506038517, 16.194937649804206], [-95.75674555044058, 16.195136120194388], [-95.7581911095504, 16.19320334006756], [-95.7479665196262, 16.177305140044474], [-95.74958682006857, 16.168899140299075], [-95.75217292005675, 16.16701070998503], [-95.75264388005218, 16.16380432042623], [-95.74966826031282, 16.15875489016449], [-95.74560065988948, 16.15570369022855], [-95.72983893969284, 16.117010140064128], [-95.72351705956453, 16.111827050384587], [-95.73012933988942, 16.099701340330874], [-95.73062763004022, 16.090898379555693], [-95.7351184602645, 16.07836171974677], [-95.76432927990395, 16.082016320081998], [-95.78265174020446, 16.051292110010674], [-95.78695288020735, 16.037532750033527], [-95.80232528980028, 16.019248220391294], [-95.81174751991, 16.011265540028536], [-95.82693211979087, 16.005202370399722], [-95.8524010892623, 15.958476250117952], [-95.87838013888837, 15.957147371190079], [-95.90983101910231, 15.967947630774583], [-95.92467032005595, 15.963263460362239], [-95.96724116998155, 15.937496230443404], [-95.99423017875986, 15.954176650360122], [-95.98776890944318, 15.954146680895354], [-95.99793544907304, 15.965781200186534], [-96.00185461955547, 16.0255688598828], [-96.01006234956894, 16.003542150620014], [-96.03398326028024, 16.00483052089827], [-96.05128293949299, 15.994002120640019], [-96.05278963040337, 16.000471820448563], [-96.05642874970559, 16.005486940780372], [-96.05516434940289, 16.01430380126935], [-96.06049605897023, 16.027345519610414], [-96.061426139301, 16.038152020563178], [-96.04558576916232, 16.036832350981484], [-96.03829663002192, 16.039885819977144], [-96.0313607793827, 16.047389151110032], [-96.01394263027443, 16.04297526070982], [-95.9959202497047, 16.033408170349787], [-96.02413682992085, 16.06513221986246], [-96.0203742001181, 16.07604459997629], [-96.0391361802877, 16.08768373981502], [-96.05092090969389, 16.09173661986883], [-96.08735265875885, 16.0978689798031], [-96.0878954492219, 16.092537540189824], [-96.09165508983163, 16.094788420271044], [-96.09193271914235, 16.097632120315744], [-96.11143951937542, 16.106922690337804], [-96.11571182015403, 16.112328950421855], [-96.11939985006983, 16.114234599806476], [-96.1239510203856, 16.112089709861984], [-96.13390909042747, 16.095847970271176], [-96.13124011022256, 16.087041309758963], [-96.13354645959726, 16.08046660001953], [-96.13184940012366, 16.075551179949723], [-96.13605309045188, 16.059102459773623], [-96.13816276964612, 16.0580070197738], [-96.14201328959878, 16.05053266001633], [-96.13714561998864, 16.03786394960563], [-96.1423009197802, 16.045660620299167], [-96.14990323047913, 16.04294070957498], [-96.16137551030508, 16.0445083995809], [-96.16345305021785, 16.042690740315628], [-96.17141554998098, 16.043214919932318], [-96.17193189011772, 16.03896628021737], [-96.16701312029151, 16.03450864210287], [-96.16699266039561, 16.034680139784648], [-96.16130192023867, 16.03361496968786], [-96.15115771957325, 16.034590819954452], [-96.1447732601679, 16.031941479764054], [-96.14065586044629, 16.02729297038391], [-96.13237555018347, 16.03035378009528], [-96.1277570901321, 16.023081479927853], [-96.12334945033521, 16.02033953998958], [-96.12517274958566, 16.020548849908003], [-96.12592796993407, 16.01663273983509], [-96.11792013987642, 16.006546779767014], [-96.11846677036091, 16.005696060045366], [-96.12586713999984, 16.01023819968912], [-96.12467605953199, 16.004994060409057], [-96.1191984301885, 16.00089917019428], [-96.11729877045681, 15.996999139866915], [-96.1213270303887, 15.99338039993362], [-96.12117877003152, 15.990684689992753], [-96.12503932003878, 15.989263179979766], [-96.12291255016083, 15.985740630401143], [-96.12690744995595, 15.9840096796379], [-96.12912631959115, 15.987809509570457], [-96.1345588201986, 15.986013979831574], [-96.1372128596482, 15.987560819921828], [-96.14385414020978, 15.962603170143066], [-96.14825425017534, 15.959772379878487], [-96.17912401992184, 15.972081449832231], [-96.18954957001581, 15.968897629811242], [-96.202217859966, 15.976200199788627], [-96.20546297965268, 15.974402520013655], [-96.20273594026126, 15.971219909811646], [-96.19990802968857, 15.971870460194957], [-96.19506360026088, 15.968597090335196], [-96.19461988000461, 15.962317350218925], [-96.1991006502717, 15.955189680322732], [-96.20201347999094, 15.955472579790126], [-96.20323223017702, 15.952825199789933], [-96.2065561397357, 15.952501979934246], [-96.20673243043346, 15.949394949906951], [-96.2094196503752, 15.94851259982056], [-96.21267371035493, 15.950261109599085], [-96.21490555004439, 15.948568019897028], [-96.21705992023332, 15.949649060216624], [-96.21798187955156, 15.951351019715856], [-96.21461211016587, 15.955945720014356], [-96.21727844977134, 15.959242719755531], [-96.22305119980753, 15.959208850021032], [-96.22626155038374, 15.963962029887648], [-96.2292264202407, 15.964959000445681], [-96.23259785976066, 15.964670429694436], [-96.23638682956052, 15.960931629936924], [-96.24147485014599, 15.963746050051505], [-96.24194034955491, 15.959133320274283], [-96.24352597981112, 15.960012749918398], [-96.24409505005836, 15.963587879692534], [-96.24554525961497, 15.96376354984068], [-96.24483333961041, 15.9534394595585], [-96.24762971032723, 15.954618779868996], [-96.24781404975214, 15.9574416300437], [-96.25141976958146, 15.95298676959443], [-96.25345876987872, 15.952627050034089], [-96.25288635015653, 15.957250289697674], [-96.2549122804575, 15.961519260019697], [-96.25877998011245, 15.959312289980195], [-96.26012670979024, 15.961409689846615], [-96.26509441964674, 15.963255140218958], [-96.26322238021542, 15.96583891983305], [-96.26387952046434, 15.9701403997288], [-96.26978294966908, 15.96903574959235], [-96.28078994038627, 15.970491179913099], [-96.28111158023908, 15.975031169696393], [-96.27565914040665, 15.979664150297515], [-96.27369762964396, 15.985102819815681], [-96.27596821987972, 15.989949819752928], [-96.27578978035834, 15.993344939807395], [-96.28035041974941, 15.996648450204052], [-96.28550376988254, 15.996779650003294], [-96.28756559977779, 15.99426662991295], [-96.28991030986292, 15.994312569764228], [-96.29240317962403, 15.996144799913543], [-96.29262340001159, 16.000154089866736], [-96.29671342026899, 16.003546829685583], [-96.30363200035559, 16.004754980381968], [-96.31077498015053, 16.00917723042556], [-96.30909282979324, 16.01283363009359], [-96.29741648041843, 16.01155934961816], [-96.29403611038248, 16.021707909903512], [-96.28891278007205, 16.018898170077513], [-96.2845893399901, 16.02050668000745], [-96.29216300044632, 16.0295786301675], [-96.29214273987354, 16.03495225031682], [-96.2837832504503, 16.03893757013407], [-96.29921843017836, 16.032462950048174], [-96.31190192007259, 16.031150910418827], [-96.31734462024697, 16.02895291987649], [-96.32012709017982, 16.030310879906335], [-96.32460971980626, 16.026129220017726], [-96.32769614963904, 16.025511180039505], [-96.33352851957213, 16.024656919915202], [-96.35064516976846, 16.02643596985375], [-96.3541300299668, 16.03158162036638], [-96.36134825027858, 16.03584973972856], [-96.36740212801031, 16.04328353632229], [-96.3801851701147, 16.045594750267945], [-96.38252331960771, 16.043992219764863], [-96.38510757966452, 16.03703388966077], [-96.392149220383, 16.032170019945962], [-96.38939213963214, 16.02823818014247], [-96.38572918029587, 16.026724979715436], [-96.38669565966998, 16.020385850089767], [-96.39312271959854, 16.016057259752856], [-96.39553673964134, 16.01062659992495], [-96.40216891956169, 16.008598979833245], [-96.39881148007353, 16.007640540056215], [-96.39229505028652, 15.999299779828847], [-96.40072497019844, 15.995632919751305], [-96.40622866038039, 15.990704419744848], [-96.41140534003462, 15.96631805024087], [-96.41793847964844, 15.96427267969864], [-96.41562519972479, 15.96803437028047], [-96.42078731972518, 15.967648749857988], [-96.42420445044992, 15.970971219867629], [-96.42226034967476, 15.975202489646746], [-96.42388708006288, 15.982007250134254], [-96.42980028999789, 15.98193987988372], [-96.43112639999724, 15.983895479729926], [-96.43083007982794, 15.991510820043986], [-96.43324371980533, 15.991605380116056], [-96.43420531014543, 15.99684283008736], [-96.43611690961441, 15.994201849927169], [-96.43820954965028, 15.99803266019451], [-96.43571022988988, 15.998696940325948], [-96.4372948496441, 16.002270049680206], [-96.43579550996992, 16.002684379620508], [-96.43667351967277, 16.004235740245942], [-96.43406371011527, 16.004656180128528], [-96.4349206797826, 16.008764710160225], [-96.43382174984701, 16.010212310294204], [-96.42992379965811, 16.010029879873724], [-96.42899082029496, 16.014920799848376], [-96.42712415021659, 16.015717579721148], [-96.42981823037765, 16.020112120292733], [-96.42863886001854, 16.020879709675818], [-96.42463231963531, 16.018318230393902], [-96.42581408029402, 16.019650319923027], [-96.42369471995146, 16.0207886501135], [-96.42439820016632, 16.0240872303763], [-96.42216993991609, 16.02181139994542], [-96.42054767976832, 16.022258319693233], [-96.42211238018248, 16.026041290357075], [-96.42072915042148, 16.02840668991838], [-96.4170090895479, 16.02924310997394], [-96.41531506189082, 16.03415256015126], [-96.41684331882918, 16.031690939790284], [-96.43286362925514, 16.03846489037056], [-96.43805852005937, 16.03307876968076], [-96.44080843018783, 16.032652049834944], [-96.4422680789222, 16.02967388988067], [-96.44376852038316, 16.030099740073506], [-96.44652551933987, 16.038136090195117], [-96.45077082042147, 16.0426884797424], [-96.46643354936643, 16.045651290216], [-96.47182692034691, 16.050703569872418], [-96.4815688793592, 16.0636684797967], [-96.48189924986185, 16.06635682966908], [-96.47961814905896, 16.068293400156392], [-96.4794217497219, 16.070641599958662], [-96.48551734975304, 16.0740062296098], [-96.48589090986806, 16.076974740440775], [-96.48897901948328, 16.076939830307996], [-96.48948052045866, 16.07981360000993], [-96.49159194030761, 16.076982260295065], [-96.49284617866523, 16.078746980140895], [-96.49472765002652, 16.077867219960225], [-96.49067401861224, 16.075203540344013], [-96.49213242974531, 16.074153229601993], [-96.49014942032701, 16.073520419906593], [-96.48936841933416, 16.07048391023809], [-96.49087977989062, 16.06989295043038], [-96.48984351896222, 16.068696849643267], [-96.49226255004469, 16.06452336970212], [-96.49583021872158, 16.06232284973556], [-96.4974130287603, 16.063053489989358], [-96.50028153883194, 16.05798508016558], [-96.50255191964749, 16.05925302017833], [-96.50190053978783, 16.063908619570157], [-96.50490527984165, 16.060121769933147], [-96.51347025020905, 16.057615259709856], [-96.50403665971386, 16.060180680185514], [-96.5027489500389, 16.05590932039312], [-96.50462488953251, 16.055207880408954], [-96.50260017984067, 16.052162399906003], [-96.50619371991684, 16.047138179896685], [-96.51255033977601, 16.046695569707584], [-96.51580499956178, 16.039050169867803], [-96.51986864978983, 16.035838109718984], [-96.51779797003319, 16.030208220326017], [-96.52018678023794, 16.028973860234025], [-96.51906457032567, 16.024395519983013], [-96.52445474008013, 16.025630720231167], [-96.52451257966621, 16.02152351957005], [-96.52049242035464, 16.015946889635217], [-96.5257567395811, 16.01634362021058], [-96.5272894204265, 16.014572850200764], [-96.52585131960366, 16.01298171980682], [-96.52490362038223, 16.013816830360962], [-96.52517258023688, 16.012124800369918], [-96.53973708011608, 16.01333108020311], [-96.53972401989442, 16.017736720300647], [-96.54166134034226, 16.017470089790756], [-96.54186460004564, 16.020012710381415], [-96.54817238012019, 16.022142119804556], [-96.54814476962085, 16.024646709971236], [-96.55147411032004, 16.02430534039773], [-96.54975988956694, 16.02832524957986], [-96.55064237976293, 16.030556859694897], [-96.54739775024332, 16.030754850215526], [-96.54924581965678, 16.03390942033615], [-96.54604531975912, 16.03435925028716], [-96.53990034034216, 16.039619800278803], [-96.54131666033126, 16.04042251019201], [-96.54172984997044, 16.047262289998155], [-96.54381019955221, 16.04861980027064], [-96.55416248007253, 16.048842320066047], [-96.5580272198448, 16.05320091012968], [-96.56939859964926, 16.059101199860805], [-96.57336933986977, 16.063250109809267], [-96.56674668962857, 16.06548715034769], [-96.5669141097836, 16.068282740166552], [-96.56429508992285, 16.07012641968249], [-96.5773460299, 16.081756079815502], [-96.59304357992029, 16.083860179744775], [-96.60190768001713, 16.088443029632177], [-96.6084320896131, 16.08847159980421], [-96.6150635498211, 16.092980050193184], [-96.62747958020647, 16.09421177961971], [-96.63264895010047, 16.092998509981882], [-96.64398649023336, 16.08666461964069], [-96.64726388010928, 16.087850149989738], [-96.65034505959802, 16.085770939863504], [-96.66554991003412, 16.09942718026398], [-96.7336399799931, 16.140451509586708], [-96.76200909025621, 16.127489089651373], [-96.78163161985269, 16.12207206001344], [-96.78325398030042, 16.11922671989544], [-96.7858105401904, 16.118572749572365], [-96.78802710993884, 16.11228000000862], [-96.7901915096215, 16.11192560041675], [-96.78952846032738, 16.110042149652365], [-96.7915943699559, 16.108704429991576], [-96.7891516497318, 16.106833690421762], [-96.79220237015161, 16.102312649939417], [-96.79635537966695, 16.102927080066962], [-96.80052815029043, 16.098711199703246], [-96.80265568026044, 16.100140399761166], [-96.80236001953709, 16.10201177994379], [-96.80638141964234, 16.10287128031029], [-96.80668265016772, 16.100306169957708], [-96.81102328035443, 16.099680719918567], [-96.81575017020853, 16.103879319708884], [-96.81619648044787, 16.098580279640508], [-96.8191376602536, 16.097676019784476], [-96.820988770428, 16.10117572034133], [-96.82500269010045, 16.094258250286405], [-96.82838791962807, 16.096549230397073], [-96.83225917038487, 16.094361690405723], [-96.8324054196837, 16.087285509968456], [-96.83044959998848, 16.085127720306318], [-96.83521571960051, 16.080247309860436], [-96.83675845963435, 16.075461019921345], [-96.83404100026534, 16.0727314801617], [-96.83174952038073, 16.066607320331524], [-96.82896586022453, 16.06571293987563], [-96.83009535001793, 16.06323037987853], [-96.82881109030926, 16.059339029789903], [-96.82684319979339, 16.060488309728488], [-96.82532060010207, 16.05760849006761], [-96.82004162973611, 16.058711149585815], [-96.82094019978359, 16.056367890155947], [-96.81552954040633, 16.055490709870902], [-96.8186777195683, 16.051994050202676], [-96.82194982039145, 16.050973539739303], [-96.82640608014837, 16.039717579591866], [-96.8321060896131, 16.037516619712665], [-96.83176111985621, 16.034117090349884], [-96.8333249204446, 16.032436879974476], [-96.83205720033538, 16.03051195014442], [-96.83517855003609, 16.02633202961981], [-96.84133268038235, 16.02707211987135], [-96.84589644865507, 16.022371560928963], [-96.84392832013013, 16.017256819599], [-96.84693138002598, 16.010919849991602], [-96.84363787993445, 16.00904256964205], [-96.84043209044198, 16.010644079923196], [-96.83750798011283, 16.00690933963387], [-96.83790313957786, 16.00454558033906]], [[-96.24200648009786, 17.077084059564918], [-96.24141152827515, 17.075958284013932], [-96.24886413982212, 17.09582155032033], [-96.24200648009786, 17.077084059564918]], [[-96.55155049841488, 16.477638008561758], [-96.55181597035406, 16.477884419926685], [-96.55190475298699, 16.47787787890223], [-96.55155049841488, 16.477638008561758]], [[-96.54728903439654, 16.473373654522725], [-96.54706934959424, 16.473478600976954], [-96.54721661669043, 16.473615294468164], [-96.54728903439654, 16.473373654522725]], [[-96.53460683838205, 16.362915264762965], [-96.53460666993081, 16.36291537188496], [-96.53915596972524, 16.381874110405434], [-96.53460683838205, 16.362915264762965]], [[-96.4917381087755, 16.35019277021739], [-96.4946283186018, 16.351629340974593], [-96.4984354662659, 16.35137566188728], [-96.4917381087755, 16.35019277021739]], [[-96.30661236537527, 16.353899632188526], [-96.30753602338721, 16.354389544032085], [-96.30785151038559, 16.353921080725105], [-96.3256111187313, 16.348750539768307], [-96.30661236537527, 16.353899632188526]], [[-96.30693294920007, 16.344173119921166], [-96.30618679961313, 16.35367391043395], [-96.30626910079995, 16.35371756330725], [-96.30693294920007, 16.344173119921166]], [[-96.30720296908135, 16.318523140495756], [-96.30533433868789, 16.31396749003569], [-96.30661979934203, 16.320562904692835], [-96.30720296908135, 16.318523140495756]], [[-96.29584581978055, 16.30344945121219], [-96.29939482039117, 16.310001090166175], [-96.30227582023379, 16.31400632063634], [-96.29584581978055, 16.30344945121219]], [[-96.2992446499652, 16.28908485032966], [-96.2966169498147, 16.296900429592256], [-96.29693293518882, 16.298854935421588], [-96.2992446499652, 16.28908485032966]], [[-96.29473773025454, 16.278240442081923], [-96.2948313800229, 16.279241489935927], [-96.2992446499652, 16.28908485032966], [-96.29473773025454, 16.278240442081923]], [[-96.29628665788047, 16.2698299034663], [-96.29438614013125, 16.274482199594402], [-96.29459032632381, 16.276664801361193], [-96.29628665788047, 16.2698299034663]], [[-96.2969441800942, 16.267180599928416], [-96.29506643999038, 16.26633553949093], [-96.2968425423809, 16.26759012092683], [-96.2969441800942, 16.267180599928416]], [[-96.29081166688056, 16.262724181579184], [-96.29099501992395, 16.26345961969017], [-96.29170628873685, 16.26396203703579], [-96.29081166688056, 16.262724181579184]], [[-96.28947978718162, 16.255059112419563], [-96.2894248298759, 16.25716150987168], [-96.2897808803948, 16.25858964608471], [-96.28947978718162, 16.255059112419563]], [[-96.29180842989848, 16.24832774037553], [-96.28954036975395, 16.252741519807437], [-96.28952060931178, 16.253497457579886], [-96.29180842989848, 16.24832774037553]], [[-96.2683457104006, 16.213745110120453], [-96.26482731028831, 16.196313800198947], [-96.26934670969987, 16.222307800015397], [-96.2683457104006, 16.213745110120453]], [[-96.25456897017482, 16.18690448032828], [-96.2173518302248, 16.185261689957752], [-96.25010702025085, 16.186708019730336], [-96.25456897017482, 16.18690448032828]], [[-96.29410528008347, 16.124554920235745], [-96.30590965027399, 16.10012249015354], [-96.27440778037905, 16.16487751972877], [-96.29410528008347, 16.124554920235745]], [[-96.30051663029323, 16.079618089795073], [-96.29590189349602, 16.085144630588044], [-96.29590192024432, 16.08514462995055], [-96.30051663029323, 16.079618089795073]], [[-96.48087154947812, 16.350552150811602], [-96.4806182302752, 16.349901160942096], [-96.47744937016552, 16.348180739759858], [-96.47973508020118, 16.344552309584863], [-96.47744936919644, 16.348180740626077], [-96.48087154947812, 16.350552150811602]], [[-96.47953305109979, 16.347015729158457], [-96.47953675442083, 16.347022490041823], [-96.48616564990805, 16.34647614015639], [-96.47953305109979, 16.347015729158457]], [[-96.49637942781916, 16.343998999777195], [-96.49592291976148, 16.345685510389803], [-96.49017548027197, 16.34941726048418], [-96.49592291972566, 16.34568551129074], [-96.49637942781916, 16.343998999777195]], [[-96.49799086000499, 16.3380457697364], [-96.49799085999024, 16.338045769790888], [-96.50015571015912, 16.336203649886375], [-96.49799086000499, 16.3380457697364]], [[-96.50352835693504, 16.320665228591995], [-96.50488654114841, 16.324125878954433], [-96.50492072328159, 16.324086846158533], [-96.50352835693504, 16.320665228591995]], [[-96.50920794976301, 16.318582688451514], [-96.5073516476507, 16.321310958116584], [-96.50903018010372, 16.3193942312025], [-96.50920794976301, 16.318582688451514]], [[-96.51228360020961, 16.310043480112224], [-96.51098033979633, 16.310491490403354], [-96.51098033976017, 16.310491490737693], [-96.51643094170238, 16.312733453695074], [-96.51228360020961, 16.310043480112224]], [[-96.5193948186205, 16.309417620789855], [-96.51676602529703, 16.31287128159276], [-96.51690848915788, 16.312929880386466], [-96.5193948186205, 16.309417620789855]], [[-96.51269082725173, 16.24631120898157], [-96.51235180950557, 16.246352793555992], [-96.5125500903197, 16.246400780732873], [-96.51269082725173, 16.24631120898157]], [[-96.52658494940579, 16.240724379947096], [-96.52035133907044, 16.241435690880888], [-96.52921228995986, 16.24097440029787], [-96.52658494940579, 16.240724379947096]], [[-96.55189731969733, 16.28913511968898], [-96.53488077979915, 16.25136818011622], [-96.53579346901128, 16.251628550363943], [-96.52921228995986, 16.24097440029787], [-96.55189731969733, 16.28913511968898]], [[-96.53806884651799, 16.25125985849473], [-96.53627008024267, 16.25176451711225], [-96.53762312006936, 16.252150509748272], [-96.53806884651799, 16.25125985849473]], [[-96.55279551020948, 16.25099525956624], [-96.55274122838146, 16.25101468586537], [-96.5531248952326, 16.251462196292287], [-96.55279551020948, 16.25099525956624]], [[-96.5574522200792, 16.251884400016387], [-96.55506473944159, 16.25372483771557], [-96.55520074951978, 16.253883480371236], [-96.5574522200792, 16.251884400016387]], [[-96.58520261716923, 16.187094341073017], [-96.58510582036548, 16.190809369919638], [-96.58539344998744, 16.1913656580191], [-96.58520261716923, 16.187094341073017]], [[-96.58416379985621, 16.1708067800891], [-96.58451536147412, 16.17171183546164], [-96.58388037026577, 16.157499140107053], [-96.58416379985621, 16.1708067800891]], [[-96.8657380211431, 16.29273372978016], [-96.86543573999667, 16.292973079897887], [-96.86644579955744, 16.29431953958203], [-96.8657380211431, 16.29273372978016]], [[-96.8623194001744, 16.293090111063954], [-96.86080037853877, 16.29916284808167], [-96.86150508886244, 16.298734290073916], [-96.8623194001744, 16.293090111063954]], [[-96.86023542622448, 16.299506414551693], [-96.85957119744005, 16.299474891694153], [-96.85970231030413, 16.299830620241686], [-96.86023542622448, 16.299506414551693]], [[-96.8591772470932, 16.298406046271015], [-96.85956862858775, 16.297696691180867], [-96.85847136087642, 16.296490872802856], [-96.8591772470932, 16.298406046271015]], [[-96.85801004615996, 16.295983921074118], [-96.85769108035954, 16.29563340057659], [-96.85659735831932, 16.29610613566193], [-96.85801004615996, 16.295983921074118]], [[-96.85517292455407, 16.296229366414313], [-96.85522401470165, 16.29487580370582], [-96.85488944973162, 16.296253890415713], [-96.85517292455407, 16.296229366414313]], [[-96.85533382081574, 16.291966642776735], [-96.85534831950751, 16.291582520016597], [-96.85321605005826, 16.292301680575463], [-96.85533382081574, 16.291966642776735]], [[-96.84725305561716, 16.294303873650307], [-96.84588420245295, 16.29489144298873], [-96.8470454001639, 16.2947040508385], [-96.84725305561716, 16.294303873650307]], [[-96.84502048988587, 16.295030827482517], [-96.8465912587645, 16.293197540927093], [-96.8442736587878, 16.295151349839742], [-96.84502048988587, 16.295030827482517]], [[-96.84444458035473, 16.29039805023975], [-96.83992345493523, 16.295978355738725], [-96.84095794975667, 16.295938399758732], [-96.84444458035473, 16.29039805023975]], [[-96.83981434011851, 16.295982570152702], [-96.8406910803421, 16.29169822037306], [-96.83934468992993, 16.2960007097636], [-96.83981434011851, 16.295982570152702]], [[-96.82857603016998, 16.2827074811861], [-96.83423267971844, 16.2863230202658], [-96.83471810986933, 16.289017430234956], [-96.83682988984938, 16.26637014014076], [-96.83400851976558, 16.286156090370444], [-96.82857603016998, 16.2827074811861]], [[-96.81921982981609, 16.27563251986493], [-96.82196513896184, 16.27108434974551], [-96.8215723651836, 16.270459998438334], [-96.81921982981609, 16.27563251986493]], [[-96.82131773521743, 16.270055239869855], [-96.82097864890653, 16.26951622990233], [-96.81788578041707, 16.27075430994342], [-96.82131773521743, 16.270055239869855]], [[-96.80952434002369, 16.26713853970676], [-96.81063822862143, 16.261406229591106], [-96.81017631738666, 16.26131252630511], [-96.80952434002369, 16.26713853970676]], [[-96.80944934482372, 16.261165052693627], [-96.80791797990442, 16.2608544000959], [-96.80540285950524, 16.262595780807988], [-96.80944934482372, 16.261165052693627]], [[-96.79154145673533, 16.252580142112283], [-96.79005774958667, 16.252700049210635], [-96.79129697957883, 16.252784579808072], [-96.79154145673533, 16.252580142112283]], [[-96.78469088020648, 16.252333963271827], [-96.78193145019496, 16.251353419999624], [-96.77609296964805, 16.251747480923257], [-96.78469088020648, 16.252333963271827]], [[-96.76520331005213, 16.239123350827185], [-96.76181593918311, 16.236844715664468], [-96.76188031042412, 16.237476140109454], [-96.76520331005213, 16.239123350827185]], [[-96.64233624977628, 16.24211995090774], [-96.65764090923624, 16.227294143959398], [-96.6576384753444, 16.22727982013202], [-96.63714131763146, 16.245839386162054], [-96.64233624977628, 16.24211995090774]], [[-96.60014872594405, 16.213297470642566], [-96.60109535009617, 16.214461450140025], [-96.60196039992587, 16.214860016404128], [-96.60014872594405, 16.213297470642566]], [[-96.81721099984262, 16.170594860158463], [-96.8336230373662, 16.090548088462565], [-96.83350428980373, 16.09061992035091], [-96.81721099984262, 16.170594860158463]], [[-96.8545215594387, 16.03183809879491], [-96.8500719095405, 16.029614309993615], [-96.85413050970432, 16.031863970169173], [-96.8545215594387, 16.03183809879491]], [[-96.8502482497431, 16.02505335003636], [-96.84684741591835, 16.02410536642879], [-96.84693918040222, 16.02436314043802], [-96.8502482497431, 16.02505335003636]], [[-96.67610342988385, 16.291001310011065], [-96.66074432013, 16.308569710317386], [-96.68971257877453, 16.276806220024827], [-96.67610342988385, 16.291001310011065]], [[-96.70226960034638, 16.29607942972083], [-96.71894977967851, 16.28733583091174], [-96.71894978039644, 16.287335829652577], [-96.70226960034638, 16.29607942972083]], [[-96.69858312031141, 16.387687380410924], [-96.698246205268, 16.389011546734643], [-96.70137036989453, 16.384503060317922], [-96.69858312031141, 16.387687380410924]], [[-96.69772608974255, 16.391055740001534], [-96.69924985956155, 16.39375262038559], [-96.69788975548538, 16.390412489813535], [-96.69772608974255, 16.391055740001534]], [[-96.69659243208731, 16.40177158005091], [-96.6967699877878, 16.401771482972027], [-96.69679356624445, 16.40116464469369], [-96.69659243208731, 16.40177158005091]], [[-96.70048716567281, 16.44019226377417], [-96.70116904958583, 16.440014920837026], [-96.7025902993521, 16.433710619151867], [-96.70048716567281, 16.44019226377417]], [[-96.68296671002496, 16.42238285113011], [-96.69989551018926, 16.440346140290725], [-96.70018554367044, 16.440270708991584], [-96.68296671002496, 16.42238285113011]], [[-96.69751099998396, 16.456208650840594], [-96.70424338043577, 16.449047340394696], [-96.68743079873943, 16.463943180206286], [-96.69751099998396, 16.456208650840594]], [[-96.52080587889317, 16.339589910788746], [-96.51896362910301, 16.33692902108482], [-96.52055917854288, 16.33993325629569], [-96.52080587889317, 16.339589910788746]], [[-96.51716368900922, 16.34959836953016], [-96.51679764134568, 16.345608225691407], [-96.51676374023586, 16.345655199936314], [-96.51716368900922, 16.34959836953016]], [[-96.62059927952008, 16.385557220391878], [-96.61689117002132, 16.38342558011348], [-96.62064957848611, 16.385991043187076], [-96.62059927952008, 16.385557220391878]], [[-96.62311436353647, 16.407249530679266], [-96.62082626106493, 16.38751491010265], [-96.62076271886883, 16.3952402901121], [-96.62311436353647, 16.407249530679266]], [[-96.62361917872961, 16.40982749119335], [-96.62715026016076, 16.413258660878668], [-96.62966860017295, 16.413640429630462], [-96.62349866800577, 16.409212074122262], [-96.62361917872961, 16.40982749119335]], [[-96.6492133198412, 16.3705067408459], [-96.65295394700756, 16.371932672317193], [-96.6531664595988, 16.37147291967089], [-96.6492133198412, 16.3705067408459]], [[-96.69484254844016, 16.401772536802756], [-96.69017357020171, 16.399028290449213], [-96.6939936191793, 16.40177300095627], [-96.69484254844016, 16.401772536802756]], [[-96.76602313751671, 16.396532356639874], [-96.76469511041667, 16.395456139653675], [-96.75316438001512, 16.39438007980618], [-96.76602313751671, 16.396532356639874]], [[-96.47377196978421, 16.11569061972088], [-96.46774841875195, 16.10943418014755], [-96.46746300387107, 16.110118804378278], [-96.47377196978421, 16.11569061972088]], [[-96.46640411492378, 16.11265875964874], [-96.4646663935872, 16.116827029115232], [-96.46572249030113, 16.11607528024616], [-96.46640411492378, 16.11265875964874]], [[-96.43716133460777, 16.12048055705813], [-96.43476794120225, 16.118342650909163], [-96.43594017880832, 16.12002599993255], [-96.43716133460777, 16.12048055705813]], [[-96.43393051952192, 16.117140102073947], [-96.43325241554166, 16.11438701016324], [-96.43314608941188, 16.11601364984888], [-96.43393051952192, 16.117140102073947]], [[-96.43262797185668, 16.111851778240272], [-96.43188613936675, 16.108839949543555], [-96.431375879986, 16.110433250239634], [-96.43262797185668, 16.111851778240272]], [[-96.4295774846756, 16.102553503912024], [-96.42966594965637, 16.10218757013124], [-96.42934200588961, 16.10188272379153], [-96.4295774846756, 16.102553503912024]], [[-96.42582749481842, 16.098575403367885], [-96.4256084900426, 16.098369309560447], [-96.4255755403416, 16.09836811843254], [-96.42582749481842, 16.098575403367885]], [[-96.41323111157628, 16.099475579419956], [-96.41066381820896, 16.099333972053632], [-96.41207962984468, 16.10022944956488], [-96.41323111157628, 16.099475579419956]], [[-96.40120518879813, 16.097877945595492], [-96.39058031040422, 16.094063980177637], [-96.40019511022557, 16.097798879858367], [-96.40120518879813, 16.097877945595492]], [[-96.38654436979745, 16.088902710078703], [-96.38265219457234, 16.086977432103428], [-96.38266803025347, 16.08711169026701], [-96.38654436979745, 16.088902710078703]], [[-96.42426385976692, 16.084267310133914], [-96.42558381877762, 16.08195010967918], [-96.42549222304011, 16.08174649744451], [-96.42426385976692, 16.084267310133914]], [[-96.42524514995957, 16.094845430345966], [-96.42706314001323, 16.092685310148195], [-96.42680492341981, 16.09241235826712], [-96.42524514995957, 16.094845430345966]], [[-96.49039293281473, 16.18755143224513], [-96.49042971972412, 16.187572860069054], [-96.4981341497777, 16.186464649560705], [-96.49039293281473, 16.18755143224513]], [[-96.48531316857706, 16.18568523850845], [-96.48405455027456, 16.186684369848383], [-96.48552257958521, 16.185782373345116], [-96.48531316857706, 16.18568523850845]], [[-96.48418502137433, 16.226418022521024], [-96.46581686026387, 16.2383775701526], [-96.47690851955556, 16.231749769750255], [-96.48401296978682, 16.227194510124438], [-96.48418502137433, 16.226418022521024]], [[-96.4104212787291, 16.25562349017108], [-96.40838973566083, 16.26057266478983], [-96.41550290966049, 16.24956343049041], [-96.4104212787291, 16.25562349017108]], [[-96.40317551099488, 16.259134688419746], [-96.40691501911326, 16.26285511985113], [-96.40716978229531, 16.26246081661009], [-96.40317551099488, 16.259134688419746]], [[-96.40149531918827, 16.257735551277364], [-96.39626191005952, 16.255810081208796], [-96.40158118804354, 16.25780705639023], [-96.40149531918827, 16.257735551277364]], [[-96.38945576207989, 16.247844423541682], [-96.38961132032834, 16.248095321264238], [-96.38881717006502, 16.26745902969492], [-96.38973375042913, 16.249112459720966], [-96.39626191005952, 16.255810081208796], [-96.38945576207989, 16.247844423541682]], [[-96.38352416623155, 16.23777737516791], [-96.38349177996209, 16.238225200224647], [-96.38394439713377, 16.238955220128407], [-96.38352416623155, 16.23777737516791]], [[-96.38600399887083, 16.2298333506538], [-96.38387068031442, 16.23298590979109], [-96.3836636455652, 16.23584870781767], [-96.38600399887083, 16.2298333506538]], [[-96.33992302998792, 16.22064208024561], [-96.34406839889127, 16.22692754775284], [-96.34406839889127, 16.226927547752837], [-96.33992302998792, 16.22064208024561]], [[-96.33575291540352, 16.20672538491006], [-96.33513576957982, 16.206538879907452], [-96.33992302998792, 16.22064208024561], [-96.33575291540352, 16.20672538491006]], [[-96.34352012028359, 16.203345479570043], [-96.34458107269923, 16.202020958285804], [-96.33785266005093, 16.207359939768754], [-96.34352012028359, 16.203345479570043]], [[-96.34671679983278, 16.199354659586643], [-96.34259231981738, 16.199584250288108], [-96.34626164720625, 16.1999228842615], [-96.34671679983278, 16.199354659586643]], [[-96.35146622960559, 16.167775619916828], [-96.35262576113016, 16.167791920832148], [-96.34853497034982, 16.164508510206424], [-96.35146622960559, 16.167775619916828]], [[-96.33478450978316, 16.153446399970782], [-96.33833081255368, 16.157184671053585], [-96.33758613987706, 16.15525231020309], [-96.33478450978316, 16.153446399970782]], [[-96.32360407579925, 16.148558169882904], [-96.32861864972571, 16.15326067976698], [-96.32398678035786, 16.14840590958392], [-96.32360407579925, 16.148558169882904]], [[-96.31378673983953, 16.139783180127814], [-96.32264448995579, 16.14100449000927], [-96.31368074659471, 16.139676162244676], [-96.31378673983953, 16.139783180127814]], [[-96.30698573992028, 16.136273050265668], [-96.31009992019122, 16.136060719937337], [-96.30666764498856, 16.135600275832747], [-96.30698573992028, 16.136273050265668]], [[-96.41519028001368, 16.154132340229193], [-96.41594396011429, 16.153552258323014], [-96.41094362984761, 16.154233450174058], [-96.41519028001368, 16.154132340229193]], [[-96.36860236104528, 16.17025107569015], [-96.36946651980854, 16.170651290051488], [-96.3771734904332, 16.16801332017625], [-96.40288882008952, 16.157344179562816], [-96.36860236104528, 16.17025107569015]], [[-96.37843186803725, 16.17575285660283], [-96.37830228572514, 16.17606076652919], [-96.37843906001179, 16.175797090184783], [-96.37843186803725, 16.17575285660283]], [[-96.37407390077045, 16.18421233591403], [-96.37168956135947, 16.18699332943622], [-96.3733373104034, 16.185632350304758], [-96.37407390077045, 16.18421233591403]], [[-96.36520174990191, 16.19235201924107], [-96.36254203439242, 16.194375441943517], [-96.36282961952317, 16.194311310283894], [-96.36520174990191, 16.19235201924107]], [[-96.49429819385905, 16.31638757171001], [-96.47428265933169, 16.278000310534516], [-96.48613188879698, 16.302467599536488], [-96.49429819385905, 16.31638757171001]], [[-96.43673875045043, 16.316802800080545], [-96.43396734923505, 16.31527717034414], [-96.43656942063028, 16.318074456886013], [-96.43673875045043, 16.316802800080545]], [[-96.59155681920446, 17.010578520217074], [-96.58154196652343, 17.016519193065932], [-96.58134485761893, 17.017335133755644], [-96.59155681920446, 17.010578520217074]], [[-96.59495037008898, 17.006501637165492], [-96.594068186898, 17.006676872652804], [-96.59511279852983, 17.003103833579235], [-96.59155681920446, 17.010578520217074], [-96.59495037008898, 17.006501637165492]], [[-96.56893968888329, 17.010453180207804], [-96.57801361998186, 17.015867941199932], [-96.57989155673305, 17.01613452699335], [-96.56893968888329, 17.010453180207804]], [[-96.56222907609107, 16.929824353319244], [-96.5622240596255, 16.92982066025254], [-96.54633545979695, 16.93071699954763], [-96.530944660333, 16.932108980438358], [-96.56222907609107, 16.929824353319244]], [[-96.54171782987576, 16.97629714330504], [-96.51930272030833, 16.970901650171967], [-96.538780280019, 16.9761888211983], [-96.54171782987576, 16.97629714330504]], [[-96.62812262024772, 16.975431490164578], [-96.63902132432003, 16.976571060745588], [-96.61064931966457, 16.971793979718033], [-96.62812262024772, 16.975431490164578]], [[-96.62247951029154, 16.93826577968469], [-96.62270854148464, 16.933454520707677], [-96.6221389996102, 16.933834629684238], [-96.62238665132368, 16.93827616929175], [-96.62247951029154, 16.93826577968469]], [[-96.62002354779254, 16.9410264732], [-96.62015296965939, 16.94101532021144], [-96.62088537952366, 16.938444140403767], [-96.62002354779254, 16.9410264732]], [[-96.6257914000507, 16.980116349653233], [-96.62463226015123, 17.00289899972289], [-96.62598882024902, 16.987550199564055], [-96.6257914000507, 16.980116349653233]], [[-96.61698072041031, 16.979546689968675], [-96.61131157978701, 16.979362430229276], [-96.6257914000507, 16.980116349653233], [-96.61698072041031, 16.979546689968675]], [[-96.61246295370337, 17.010682909422766], [-96.61385097930297, 17.011018940627512], [-96.61424885121754, 17.00844636915665], [-96.61246295370337, 17.010682909422766]], [[-96.60548976382485, 17.008994749351025], [-96.59855476960227, 17.006754050242733], [-96.60122442041032, 17.005255369636583], [-96.59508287864712, 17.00647531587305], [-96.60548976382485, 17.008994749351025]], [[-96.57245467194488, 16.982143208198067], [-96.57246377038491, 16.982806201312865], [-96.5776768897309, 16.989569770815642], [-96.57245467194488, 16.982143208198067]], [[-96.60196344904462, 16.99811225114395], [-96.5998999795885, 17.00440697180198], [-96.59989998066457, 17.004406972491278], [-96.60196344904462, 16.99811225114395]], [[-96.38209147232688, 16.425766212084824], [-96.41130351958016, 16.376915060027255], [-96.38545952018077, 16.41927923014121], [-96.38209147232688, 16.425766212084824]], [[-96.32550157047079, 16.455434549637143], [-96.30741113999565, 16.44789371967928], [-96.29099022004937, 16.439572800109094], [-96.31221018009245, 16.450459369919827], [-96.32550157047079, 16.455434549637143]], [[-96.29552473987856, 16.391995679813316], [-96.29510729044274, 16.394783279701837], [-96.29610554892213, 16.391443621562097], [-96.29552473987856, 16.391995679813316]], [[-96.3034037788684, 16.36228473865992], [-96.30411759900652, 16.36243828750196], [-96.30403969550821, 16.361210795634122], [-96.3034037788684, 16.36228473865992]], [[-96.37630701822015, 16.437096642924494], [-96.3762452646317, 16.437026219484423], [-96.37617268407197, 16.43716601226672], [-96.37630701822015, 16.437096642924494]], [[-96.37059940233476, 16.413930723194927], [-96.3729537701644, 16.418463420444617], [-96.37328745241659, 16.418485188128805], [-96.3712460596063, 16.41410428003655], [-96.37059940233476, 16.413930723194927]], [[-96.36623637013514, 16.401838860186565], [-96.35483442961778, 16.39199317962289], [-96.35483442955201, 16.39199318049884], [-96.36623637013514, 16.401838860186565]], [[-96.36000403015566, 16.37042432037009], [-96.35631259955379, 16.372307820106016], [-96.3555731874756, 16.38215485611718], [-96.35631259951705, 16.372307821007002], [-96.36000403015566, 16.37042432037009]], [[-96.23363171009892, 17.064385380337722], [-96.23968274610841, 17.072687059988674], [-96.23678357962099, 17.067201219580674], [-96.23363171009892, 17.064385380337722]], [[-96.2308344000387, 17.044511619949425], [-96.22909535636978, 17.040075333224237], [-96.23363171009892, 17.064385380337722], [-96.2308344000387, 17.044511619949425]], [[-96.2106489202516, 17.01176318000869], [-96.22835308228076, 17.03818179785971], [-96.22801523027178, 17.03731994004135], [-96.2106489202516, 17.01176318000869]], [[-96.19156684968782, 16.915736139845862], [-96.1806974227309, 16.921527594066266], [-96.18150577014065, 16.921369890085597], [-96.19156684968782, 16.915736139845862]], [[-96.31090509612173, 16.87270068924626], [-96.31097807890012, 16.87270284249083], [-96.32496934036763, 16.85832254040317], [-96.31090509612173, 16.87270068924626]], [[-96.24902657978159, 16.850336029988387], [-96.30768617037471, 16.872605719795153], [-96.30802476612429, 16.872615709541737], [-96.24705265163966, 16.849238618954097], [-96.24902657978159, 16.850336029988387]], [[-96.50465752726653, 16.989132134931793], [-96.48397164288008, 16.982386957884124], [-96.49688307994072, 16.987051679767724], [-96.50465752726653, 16.989132134931793]], [[-96.45104043017817, 16.98479555003606], [-96.45379023020675, 16.97372265038407], [-96.44071917012744, 17.014175750370736], [-96.45104043017817, 16.98479555003606]], [[-96.41384336966499, 16.922814399556536], [-96.42331860005535, 16.92680579997682], [-96.41638992000885, 16.9238791997381], [-96.41384336966499, 16.922814399556536]], [[-96.50060103043033, 16.866754249846274], [-96.49860732023275, 16.86211568022616], [-96.4983592220058, 16.861894878416983], [-96.50060103043033, 16.866754249846274]], [[-96.49163232531207, 16.85768333029442], [-96.49596901293711, 16.859767646420305], [-96.4936328897303, 16.857688549617098], [-96.49163232531207, 16.85768333029442]], [[-96.48512963035752, 16.86254511956883], [-96.49106009979059, 16.85768183740091], [-96.49039022987184, 16.857680089760482], [-96.48512963035752, 16.86254511956883]], [[-96.46109778018608, 16.915854780195865], [-96.47611959362645, 16.921360232071198], [-96.4773897500891, 16.90051797024842], [-96.47603897957026, 16.920963539797004], [-96.46109778018608, 16.915854780195865]], [[-96.46039450962694, 16.916964910240214], [-96.43677175024453, 16.911264029726052], [-96.435492202089, 16.911261538524926], [-96.46039450962694, 16.916964910240214]], [[-96.4763334238277, 16.92143860023141], [-96.47761818039749, 16.921909459857954], [-96.4960662800185, 16.92447631990271], [-96.4763334238277, 16.92143860023141]], [[-96.46738624637514, 17.05263875158677], [-96.46692415015167, 17.051401630199344], [-96.46210625025898, 17.04639337007163], [-96.46738624637514, 17.05263875158677]], [[-96.18578690639215, 16.0090329331069], [-96.18572308979566, 16.008692030046852], [-96.17997772043233, 16.011270820379494], [-96.18578690639215, 16.0090329331069]], [[-96.17684028035465, 16.00938441987236], [-96.17623421472905, 16.009585083259623], [-96.17997772043233, 16.011270820379494], [-96.17684028035465, 16.00938441987236]], [[-96.17512663217984, 16.009951794811318], [-96.17229254009024, 16.01089013959525], [-96.1717189183305, 16.011721513577037], [-96.17512663217984, 16.009951794811318]], [[-96.17017801435985, 16.013954810079266], [-96.16930982036219, 16.015213119912435], [-96.16889576113584, 16.01853902017111], [-96.17017801435985, 16.013954810079266]], [[-96.1687620501639, 16.019613043711445], [-96.1687049097135, 16.020072020173497], [-96.17156913964855, 16.02316022972207], [-96.1687620501639, 16.019613043711445]], [[-96.28745204013417, 16.08534601690992], [-96.28219768776195, 16.085045144188907], [-96.28310081991775, 16.08544972003914], [-96.28745204013417, 16.08534601690992]], [[-95.94637528944553, 16.097586970041522], [-95.9460546095582, 16.097415350173158], [-95.94234464885042, 16.111382379841984], [-95.94637528944553, 16.097586970041522]], [[-95.96365208997445, 16.133461370658022], [-95.95736222925687, 16.12730006043937], [-95.9635431304005, 16.133681698391282], [-95.96365208997445, 16.133461370658022]], [[-95.94817162996684, 16.149304819841745], [-95.95330322625875, 16.15130587957581], [-95.9441090602594, 16.145839859583944], [-95.94817162996684, 16.149304819841745]], [[-95.9003635793158, 16.232335741279194], [-95.89596268195424, 16.233088168094728], [-95.89619896859695, 16.23346206071012], [-95.9003635793158, 16.232335741279194]], [[-96.01877864958794, 16.212510260703443], [-96.01407353902393, 16.209709620054248], [-96.01867976005609, 16.213279618708732], [-96.01877864958794, 16.212510260703443]], [[-96.01790914935407, 16.21927495007938], [-96.01848976393448, 16.214757783630606], [-96.01736252008915, 16.216124621067515], [-96.01790914935407, 16.21927495007938]], [[-96.02971922885403, 16.226211200285512], [-96.02075830903422, 16.216856830513667], [-96.02745574002405, 16.22402722024798], [-96.02971922885403, 16.226211200285512]], [[-96.02195630992398, 16.23746260002367], [-96.02492502100735, 16.227813300608357], [-96.02356155010375, 16.229853120270672], [-96.02195630992398, 16.23746260002367]], [[-96.01612264624725, 16.257383250680366], [-96.01898140033376, 16.24952410995042], [-96.01593189037102, 16.25692028962008], [-96.01612264624725, 16.257383250680366]], [[-96.0179526494829, 16.262952850604307], [-96.01829431928817, 16.262657949596854], [-96.01510845876729, 16.262911059886278], [-96.0179526494829, 16.262952850604307]], [[-95.92588961963077, 16.36529460007661], [-95.93152996893403, 16.365725020340715], [-95.92601376763204, 16.364946396996736], [-95.92588961963077, 16.36529460007661]], [[-95.90964849040991, 16.747272089906993], [-95.90746454952428, 16.737618951145766], [-95.91278418022333, 16.76788004982386], [-95.90964849040991, 16.747272089906993]], [[-95.85631013923366, 16.777509800301456], [-95.84903743648154, 16.778657090102737], [-95.85366008030341, 16.77880126083461], [-95.85631013923366, 16.777509800301456]], [[-95.84403771131873, 16.77850115898114], [-95.84283388033793, 16.777632680398415], [-95.84262843288008, 16.778457206491666], [-95.84403771131873, 16.77850115898114]], [[-95.60604801502983, 16.86414826484998], [-95.60873137158285, 16.86458165051453], [-95.60850434029989, 16.864239182060718], [-95.60604801502983, 16.86414826484998]], [[-95.60727837017843, 16.838345150509365], [-95.61424457861101, 16.83643104989306], [-95.61440216255782, 16.83573009125913], [-95.60727837017843, 16.838345150509365]], [[-95.61452247282288, 16.835194931931433], [-95.6146580501949, 16.834591862066745], [-95.61453237136747, 16.83447894290706], [-95.61452247282288, 16.835194931931433]], [[-95.6090833928207, 16.829119295538238], [-95.60941067049973, 16.827456750365453], [-95.60868851895171, 16.828806770514962], [-95.6090833928207, 16.829119295538238]], [[-95.61032111618852, 16.825754725315097], [-95.6176957492582, 16.82727364993164], [-95.61058874960445, 16.825254400272282], [-95.61032111618852, 16.825754725315097]], [[-95.77011511979487, 16.61918949032155], [-95.76939273696995, 16.617503785355606], [-95.76935517970067, 16.61761687964491], [-95.77011511979487, 16.61918949032155]], [[-96.30030599405465, 16.361618378542527], [-96.29723908467764, 16.360558776283916], [-96.29735957993526, 16.36098457956147], [-96.30030599405465, 16.361618378542527]], [[-96.2939031316446, 16.349231216013948], [-96.29385450861889, 16.349052631033192], [-96.2871509388752, 16.346431950185334], [-96.2939031316446, 16.349231216013948]], [[-96.27956582079626, 16.326767524989474], [-96.27975974984301, 16.325834980619327], [-96.2777869801081, 16.323004260884133], [-96.27956582079626, 16.326767524989474]], [[-96.27761534899584, 16.32275798805864], [-96.27747428862232, 16.322555581069054], [-96.27496133909294, 16.322502771305107], [-96.27761534899584, 16.32275798805864]], [[-96.27215073895852, 16.31699744987251], [-96.27173720263518, 16.316860111091167], [-96.27496133909294, 16.322502771305107], [-96.27215073895852, 16.31699744987251]], [[-96.26092026794451, 16.313267718973627], [-96.25988314039232, 16.31292328046587], [-96.24287375005059, 16.31455366027638], [-96.26092026794451, 16.313267718973627]], [[-95.99489101971199, 16.359024756314483], [-95.99912954995871, 16.364439821170663], [-95.9965103794092, 16.36011335120605], [-95.99489101971199, 16.359024756314483]], [[-96.01831447528414, 16.262640552614656], [-96.02266184927007, 16.25888826034756], [-96.02276778212021, 16.258489584697603], [-96.01831447528414, 16.262640552614656]], [[-96.04112123943705, 16.23154330269709], [-96.04095078010968, 16.23129597088542], [-96.03522462023973, 16.229976020419247], [-96.04112123943705, 16.23154330269709]], [[-96.04482385958592, 16.23581295119828], [-96.05633277014847, 16.238767719737893], [-96.04457129336588, 16.235500555642027], [-96.04482385958592, 16.23581295119828]], [[-95.92544719953341, 16.489055090625722], [-95.9260227731907, 16.489716036867105], [-95.92555690116983, 16.48854079315533], [-95.92544719953341, 16.489055090625722]], [[-95.8475936345012, 16.44369992886287], [-95.84781092043598, 16.44409074043969], [-95.84976132020702, 16.444524061039388], [-95.8475936345012, 16.44369992886287]], [[-95.85094950045385, 16.44478803921696], [-95.8512977990472, 16.444865420765904], [-95.851580363858, 16.44454545167428], [-95.85094950045385, 16.44478803921696]], [[-95.85394699551443, 16.443635404659066], [-95.85406107945578, 16.44369789356093], [-95.85402322985242, 16.443606090071157], [-95.85394699551443, 16.443635404659066]], [[-95.90205728004479, 16.408458820835992], [-95.90399945038536, 16.40560408009281], [-95.90374484611772, 16.405534462942683], [-95.90205728004479, 16.408458820835992]], [[-95.90025597033969, 16.404580489974855], [-95.89723342080268, 16.407920882703955], [-95.89739342874014, 16.40801383099382], [-95.90025597033969, 16.404580489974855]], [[-95.86108459438255, 16.398684888824985], [-95.86089925949939, 16.394709569841783], [-95.86068815026196, 16.398773080989674], [-95.86108459438255, 16.398684888824985]], [[-96.13632877992627, 16.864787020068718], [-96.16896116575226, 16.857388386159585], [-96.16802945953474, 16.857361370313402], [-96.13632877992627, 16.864787020068718]], [[-96.12388868994896, 16.872666149887795], [-96.11793266117071, 16.87807957538684], [-96.13632877992627, 16.864787020068718], [-96.12388868994896, 16.872666149887795]], [[-95.94189542956359, 16.81625228954988], [-95.93863684936902, 16.813916395728], [-95.95090956957526, 16.82436851021572], [-95.94189542956359, 16.81625228954988]]]}}]}